<?xml version="1.0" encoding="UTF-8" standalone="no"?>
<raConfiguration version="12">
  <generalSettings>
    <option key="#Board#" value="board.ra8d1_cpkhmi"/>
    <option key="CPU" value="RA8D1"/>
    <option key="Core" value="CM85"/>
    <option key="#TargetName#" value="R7FA8D1BHECBD"/>
    <option key="#TargetARCHITECTURE#" value="cortex-m85"/>
    <option key="#DeviceCommand#" value="R7FA8D1BH"/>
    <option key="#RTOS#" value="rtos.awsfreertos"/>
    <option key="#pinconfiguration#" value="R7FA8D1BHECBD.pincfg"/>
    <option key="#FSPVersion#" value="6.2.0"/>
    <option key="#ConfigurationFragments#" value="Renesas##BSP##Board##ra8d1_cpkhmi##"/>
    <option key="#SELECTED_TOOLCHAIN#" value="clang_arm"/>
    <option key="#ToolchainVersion#" value="18.1.3"/>
  </generalSettings>
  <raBspConfiguration>
    <config id="config.bsp.ra8d1.R7FA8D1BHECBD">
      <property id="config.bsp.part_number" value="config.bsp.part_number.value"/>
      <property id="config.bsp.rom_size_bytes" value="config.bsp.rom_size_bytes.value"/>
      <property id="config.bsp.rom_size_bytes_hidden" value="config.bsp.rom_size_bytes_hidden.value"/>
      <property id="config.bsp.ram_size_bytes" value="config.bsp.ram_size_bytes.value"/>
      <property id="config.bsp.data_flash_size_bytes" value="config.bsp.data_flash_size_bytes.value"/>
      <property id="config.bsp.package_style" value="config.bsp.package_style.value"/>
      <property id="config.bsp.package_pins" value="config.bsp.package_pins.value"/>
      <property id="config.bsp.ospi0_cs0_start_address" value="config.bsp.ospi0_cs0_start_address.value"/>
      <property id="config.bsp.ospi0_cs0_size_bytes" value="config.bsp.ospi0_cs0_size_bytes.value"/>
      <property id="config.bsp.ospi0_cs1_start_address" value="config.bsp.ospi0_cs1_start_address.value"/>
      <property id="config.bsp.ospi0_cs1_size_bytes" value="config.bsp.ospi0_cs1_size_bytes.value"/>
      <property id="config.bsp.number_of_cores" value="1"/>
      <property id="config.bsp.irq_count_hidden" value="96"/>
    </config>
    <config id="config.bsp.ra8d1">
      <property id="config.bsp.series" value="config.bsp.series.value"/>
    </config>
    <config id="config.bsp.ra8d1.fsp">
      <property id="config.bsp.fsp.inline_irq_functions" value="config.bsp.common.inline_irq_functions.enabled"/>
      <property id="config.bsp.fsp.sdram.enabled" value="config.bsp.fsp.sdram.enabled.disabled"/>
      <property id="config.bsp.fsp.sdram.tras" value="config.bsp.fsp.sdram.tras.6"/>
      <property id="config.bsp.fsp.sdram.trcd" value="config.bsp.fsp.sdram.trcd.3"/>
      <property id="config.bsp.fsp.sdram.trp" value="config.bsp.fsp.sdram.trp.3"/>
      <property id="config.bsp.fsp.sdram.twr" value="config.bsp.fsp.sdram.twr.2"/>
      <property id="config.bsp.fsp.sdram.tcl" value="config.bsp.fsp.sdram.tcl.3"/>
      <property id="config.bsp.fsp.sdram.trfc" value="937"/>
      <property id="config.bsp.fsp.sdram.trefw" value="config.bsp.fsp.sdram.trefw.8"/>
      <property id="config.bsp.fsp.sdram.arfi" value="config.bsp.fsp.sdram.arfi.10"/>
      <property id="config.bsp.fsp.sdram.arfc" value="config.bsp.fsp.sdram.arfc.8"/>
      <property id="config.bsp.fsp.sdram.prc" value="config.bsp.fsp.sdram.prc.3"/>
      <property id="config.bsp.fsp.sdram.addr_shift" value="config.bsp.fsp.sdram.addr_shift.9"/>
      <property id="config.bsp.fsp.sdram.endian_mode" value="config.bsp.fsp.sdram.endian_mode.little"/>
      <property id="config.bsp.fsp.sdram.continuous_access_mode" value="config.bsp.fsp.sdram.continuous_access_mode.enabled"/>
      <property id="config.bsp.fsp.sdram.bus_width" value="config.bsp.fsp.sdram.bus_width.16"/>
      <property id="config.bsp.fsp.ospi_b_startup" value="config.bsp.fsp.ospi_b_startup.disabled"/>
      <property id="config.bsp.fsp.tz.exception_response" value="config.bsp.fsp.tz.exception_response.nmi"/>
      <property id="config.bsp.fsp.tz.cmsis.bfhfnmins" value="config.bsp.fsp.tz.cmsis.bfhfnmins.secure"/>
      <property id="config.bsp.fsp.tz.cmsis.sysresetreqs" value="config.bsp.fsp.tz.cmsis.sysresetreqs.secure_only"/>
      <property id="config.bsp.fsp.tz.cmsis.s_priority_boost" value="config.bsp.fsp.tz.cmsis.s_priority_boost.disabled"/>
      <property id="config.bsp.fsp.tz.rstsar" value="config.bsp.fsp.tz.rstsar.both"/>
      <property id="config.bsp.fsp.tz.bbfsar" value="config.bsp.fsp.tz.bbfsar.both"/>
      <property id="config.bsp.fsp.tz.sramsar.sramsa0" value="config.bsp.fsp.tz.sramsar.sramsa0.both"/>
      <property id="config.bsp.fsp.tz.sramsar.sramsa1" value="config.bsp.fsp.tz.sramsar.sramsa1.both"/>
      <property id="config.bsp.fsp.tz.sramsar.stbramsa" value="config.bsp.fsp.tz.sramsar.stbramsa.both"/>
      <property id="config.bsp.fsp.tz.bussara" value="config.bsp.fsp.tz.bussara.both"/>
      <property id="config.bsp.fsp.tz.bussarb" value="config.bsp.fsp.tz.bussarb.both"/>
      <property id="config.bsp.fsp.tz.bussarc" value="config.bsp.fsp.tz.bussarc.both"/>
      <property id="config.bsp.fsp.tz.pgcsar" value="config.bsp.fsp.tz.pgcsar.secure_only"/>
      <property id="config.bsp.fsp.tz.uninitialized_ns_application_fallback" value="config.bsp.fsp.tz.uninitialized_ns_application_fallback.enabled"/>
      <property id="config.bsp.fsp.hoco_fll" value="config.bsp.fsp.hoco_fll.disabled"/>
      <property id="config.bsp.fsp.clock_settling_delay" value="config.bsp.fsp.clock_settling_delay.enabled"/>
      <property id="config.bsp.fsp.sleep_mode_delays" value="config.bsp.fsp.sleep_mode_delays.enabled"/>
      <property id="config.bsp.fsp.rtos_idle_sleep" value="config.bsp.fsp.rtos_idle_sleep.disabled"/>
      <property id="config.bsp.fsp.mstp_change_delays" value="config.bsp.fsp.mstp_change_delays.enabled"/>
      <property id="config.bsp.fsp.settling_delay_us" value="150"/>
      <property id="config.bsp.common.main_osc_wait" value="config.bsp.common.main_osc_wait.wait_8163"/>
      <property id="config.bsp.fsp.mcu.adc.max_freq_hz" value="60000000"/>
      <property id="config.bsp.fsp.mcu.sci_b_uart.max_baud" value="30000000"/>
      <property id="config.bsp.fsp.mcu.sci_b_uart.ctspen_channels" value="0x021F"/>
      <property id="config.bsp.fsp.mcu.adc.sample_and_hold" value="1"/>
      <property id="config.bsp.fsp.mcu.adc.sensors_are_exclusive" value="0"/>
      <property id="config.bsp.fsp.mcu.sci_spi.max_bitrate" value="30000000"/>
      <property id="config.bsp.fsp.mcu.spi.max_bitrate" value="60000000"/>
      <property id="config.bsp.fsp.mcu.iic_master.rate.rate_fastplus" value="1"/>
      <property id="config.bsp.fsp.mcu.iic_master.fastplus_channels" value="0x3"/>
      <property id="config.bsp.fsp.mcu.iic_slave.rate.rate_fastplus" value="1"/>
      <property id="config.bsp.fsp.mcu.iic_slave.fastplus_channels" value="0x3"/>
      <property id="config.bsp.fsp.mcu.gpt.pin_count_source_channels" value="0xFF0F"/>
      <property id="config.bsp.fsp.mcu.canfd.num_channels" value="2"/>
      <property id="config.bsp.fsp.mcu.canfd.rx_fifos" value="2"/>
      <property id="config.bsp.fsp.mcu.canfd.buffer_ram" value="1216"/>
      <property id="config.bsp.fsp.mcu.canfd.afl_rules" value="32"/>
      <property id="config.bsp.fsp.mcu.canfd.afl_rules_each_chnl" value=" 16"/>
      <property id="config.bsp.fsp.mcu.canfd.max_data_rate_hz" value="8"/>
      <property id="config.bsp.fsp.mcu.adc_dmac.samples_per_channel" value="32767"/>
      <property id="config.bsp.fsp.mcu.sci_b_lin.max_baud" value="7500000"/>
      <property id="config.bsp.fsp.mcu.ospi_b.spi_dspi_qspi_mode_max_freq_hz" value="100000000"/>
      <property id="config.bsp.fsp.dcache" value="config.bsp.fsp.dcache.disabled"/>
      <property id="config.bsp.fsp.mscr.forcewt" value="config.bsp.fsp.mscr.forcewt.enabled"/>
      <property id="config.bsp.fsp.mcu.rtc.err_adjustment_value.max_value" value="63"/>
      <property id="config.bsp.fsp.ioport.voltage_mode.vcc" value="config.bsp.fsp.ioport.voltage_mode.vcc.high"/>
      <property id="config.bsp.fsp.ioport.voltage_mode.vcc2" value="config.bsp.fsp.ioport.voltage_mode.vcc2.high"/>
    </config>
    <config id="config.bsp.ra8d1.linker">
      <property id="config.bsp.option_setting.ofs0" value="config.bsp.option_setting.ofs0.enabled"/>
      <property id="config.bsp.option_setting.ofs0.iwdt_start_mode" value="config.bsp.option_setting.ofs0.iwdt_start_mode.disabled"/>
      <property id="config.bsp.option_setting.ofs0.iwdt_timeout" value="config.bsp.option_setting.ofs0.iwdt_timeout.2048"/>
      <property id="config.bsp.option_setting.ofs0.iwdt_divisor" value="config.bsp.option_setting.ofs0.iwdt_divisor.128"/>
      <property id="config.bsp.option_setting.ofs0.iwdt_window_end" value="config.bsp.option_setting.ofs0.iwdt_window_end.0"/>
      <property id="config.bsp.option_setting.ofs0.iwdt_window_start" value="config.bsp.option_setting.ofs0.iwdt_window_start.100"/>
      <property id="config.bsp.option_setting.ofs0.iwdt_reset_interrupt" value="config.bsp.option_setting.ofs0.iwdt_reset_interrupt.Reset"/>
      <property id="config.bsp.option_setting.ofs0.iwdt_stop_control" value="config.bsp.option_setting.ofs0.iwdt_stop_control.stops"/>
      <property id="config.bsp.option_setting.ofs0.wdt_start_mode" value="config.bsp.option_setting.ofs0.wdt_start_mode.register"/>
      <property id="config.bsp.option_setting.ofs0.wdt_timeout" value="config.bsp.option_setting.ofs0.wdt_timeout.16384"/>
      <property id="config.bsp.option_setting.ofs0.wdt_divisor" value="config.bsp.option_setting.ofs0.wdt_divisor.128"/>
      <property id="config.bsp.option_setting.ofs0.wdt_window_end" value="config.bsp.option_setting.ofs0.wdt_window_end.0"/>
      <property id="config.bsp.option_setting.ofs0.wdt_window_start" value="config.bsp.option_setting.ofs0.wdt_window_start.100"/>
      <property id="config.bsp.option_setting.ofs0.wdt_reset_interrupt" value="config.bsp.option_setting.ofs0.wdt_reset_interrupt.Reset"/>
      <property id="config.bsp.option_setting.ofs0.wdt_stop_control" value="config.bsp.option_setting.ofs0.wdt_stop_control.stops"/>
      <property id="config.bsp.option_setting.ofs2" value="config.bsp.option_setting.ofs2.enabled"/>
      <property id="config.bsp.option_setting.ofs2.dcdc" value="config.bsp.option_setting.ofs2.dcdc.enabled"/>
      <property id="config.bsp.option_setting.dualsel" value="config.bsp.option_setting.dualsel.disabled"/>
      <property id="config.bsp.option_setting.dualsel.mode" value="config.bsp.option_setting.dualsel.mode.linear"/>
      <property id="config.bsp.option_setting.ofs1" value="config.bsp.option_setting.ofs1.disabled"/>
      <property id="config.bsp.option_setting.ofs1.voltage_detection0.start" value="config.bsp.option_setting.ofs1.voltage_detection0.start.disabled"/>
      <property id="config.bsp.option_setting.ofs1.voltage_detection0_level" value="config.bsp.option_setting.ofs1.voltage_detection0_level.160"/>
      <property id="config.bsp.option_setting.ofs1.hoco_osc" value="config.bsp.option_setting.ofs1.hoco_osc.disabled"/>
      <property id="config.bsp.option_setting.ofs1.voltage_detection0.low_power_consumption" value="config.bsp.option_setting.ofs1.voltage_detection0.low_power_consumption.disabled"/>
      <property id="config.bsp.option_setting.ofs1.swdbg" value="config.bsp.option_setting.ofs1.swdbg.disabled"/>
      <property id="config.bsp.option_setting.ofs1.initeccen" value="config.bsp.option_setting.ofs1.initeccen.disabled"/>
      <property id="config.bsp.option_setting.banksel" value="config.bsp.option_setting.banksel.disabled"/>
      <property id="config.bsp.option_setting.banksel.bankswap" value="config.bsp.option_setting.banksel.bankswap.disabled"/>
      <property id="config.bsp.option_setting.banksel.blockswap" value="config.bsp.option_setting.banksel.blockswap.disabled"/>
      <property id="config.bsp.option_setting.bps" value="config.bsp.option_setting.bps.disabled"/>
      <property id="config.bsp.option_setting.bps.0" value=""/>
      <property id="config.bsp.option_setting.bps.1" value=""/>
      <property id="config.bsp.option_setting.bps.2" value=""/>
      <property id="config.bsp.option_setting.bps.3" value=""/>
      <property id="config.bsp.option_setting.pbps" value="config.bsp.option_setting.pbps.disabled"/>
      <property id="config.bsp.option_setting.pbps.0" value=""/>
      <property id="config.bsp.option_setting.pbps.1" value=""/>
      <property id="config.bsp.option_setting.pbps.2" value=""/>
      <property id="config.bsp.option_setting.pbps.3" value=""/>
      <property id="config.bsp.option_setting.ofs1_sec" value="config.bsp.option_setting.ofs1_sec.enabled"/>
      <property id="config.bsp.option_setting.ofs1_sec.voltage_detection0.start" value="config.bsp.option_setting.ofs1_sec.voltage_detection0.start.disabled"/>
      <property id="config.bsp.option_setting.ofs1_sec.voltage_detection0_level" value="config.bsp.option_setting.ofs1_sec.voltage_detection0_level.160"/>
      <property id="config.bsp.option_setting.ofs1_sec.hoco_osc" value="config.bsp.option_setting.ofs1_sec.hoco_osc.disabled"/>
      <property id="config.bsp.option_setting.ofs1_sec.voltage_detection0.low_power_consumption" value="config.bsp.option_setting.ofs1_sec.voltage_detection0.low_power_consumption.disabled"/>
      <property id="config.bsp.option_setting.ofs1_sec.swdbg" value="config.bsp.option_setting.ofs1_sec.swdbg.disabled"/>
      <property id="config.bsp.option_setting.ofs1_sec.initeccen" value="config.bsp.option_setting.ofs1_sec.initeccen.disabled"/>
      <property id="config.bsp.option_setting.banksel_sec" value="config.bsp.option_setting.banksel_sec.disabled"/>
      <property id="config.bsp.option_setting.banksel_sec.bankswap" value="config.bsp.option_setting.banksel_sec.bankswap.disabled"/>
      <property id="config.bsp.option_setting.banksel_sec.blockswap" value="config.bsp.option_setting.banksel_sec.blockswap.disabled"/>
      <property id="config.bsp.option_setting.bps_sec" value="config.bsp.option_setting.bps_sec.disabled"/>
      <property id="config.bsp.option_setting.bps_sec.0" value=""/>
      <property id="config.bsp.option_setting.bps_sec.1" value=""/>
      <property id="config.bsp.option_setting.bps_sec.2" value=""/>
      <property id="config.bsp.option_setting.bps_sec.3" value=""/>
      <property id="config.bsp.option_setting.pbps_sec" value="config.bsp.option_setting.pbps_sec.disabled"/>
      <property id="config.bsp.option_setting.pbps_sec.0" value=""/>
      <property id="config.bsp.option_setting.pbps_sec.1" value=""/>
      <property id="config.bsp.option_setting.pbps_sec.2" value=""/>
      <property id="config.bsp.option_setting.pbps_sec.3" value=""/>
      <property id="config.bsp.option_setting.ofs1_sel" value="config.bsp.option_setting.ofs1_sel.enabled"/>
      <property id="config.bsp.option_setting.ofs1_sel.voltage_detection0_level" value="config.bsp.option_setting.ofs1_sel.voltage_detection0_level.secure"/>
      <property id="config.bsp.option_setting.ofs1_sel.voltage_detection0.start" value="config.bsp.option_setting.ofs1_sel.voltage_detection0.start.secure"/>
      <property id="config.bsp.option_setting.ofs1_sel.voltage_detection0.low_power_consumption" value="config.bsp.option_setting.ofs1_sel.voltage_detection0.low_power_consumption.secure"/>
      <property id="config.bsp.option_setting.ofs1_sel.swdbg" value="config.bsp.option_setting.ofs1_sel.swdbg.secure"/>
      <property id="config.bsp.option_setting.ofs1_sel.initeccen" value="config.bsp.option_setting.ofs1_sel.initeccen.secure"/>
      <property id="config.bsp.option_setting.banksel_sel" value="config.bsp.option_setting.banksel_sel.disabled"/>
      <property id="config.bsp.option_setting.banksel_sel.mode" value="config.bsp.option_setting.banksel_sel.mode.both"/>
      <property id="config.bsp.option_setting.bps_sel" value="config.bsp.option_setting.bps_sel.disabled"/>
      <property id="config.bsp.option_setting.bps_sel.0" value=""/>
      <property id="config.bsp.option_setting.bps_sel.1" value=""/>
      <property id="config.bsp.option_setting.bps_sel.2" value=""/>
      <property id="config.bsp.option_setting.bps_sel.3" value=""/>
      <property id="config.bsp.option_setting_data_flash.fsblctrl0" value="config.bsp.option_setting_data_flash.fsblctrl0.disabled"/>
      <property id="config.bsp.option_setting_data_flash.fsblctrl0.FSBLEN" value="config.bsp.option_setting_data_flash.fsblctrl0.FSBLEN.disabled"/>
      <property id="config.bsp.option_setting_data_flash.fsblctrl0.FSBLSKIPSW" value="config.bsp.option_setting_data_flash.fsblctrl0.FSBLSKIPSW.disabled"/>
      <property id="config.bsp.option_setting_data_flash.fsblctrl0.FSBLSKIPDS" value="config.bsp.option_setting_data_flash.fsblctrl0.FSBLSKIPDS.disabled"/>
      <property id="config.bsp.option_setting_data_flash.fsblctrl0.FSBLCLK" value="config.bsp.option_setting_data_flash.fsblctrl0.FSBLCLK.7"/>
      <property id="config.bsp.option_setting_data_flash.fsblctrl1" value="config.bsp.option_setting_data_flash.fsblctrl1.disabled"/>
      <property id="config.bsp.option_setting_data_flash.fsblctrl1.FSBLEXMD" value="config.bsp.option_setting_data_flash.fsblctrl1.FSBLEXMD.secure_report"/>
      <property id="config.bsp.option_setting_data_flash.fsblctrl2" value="config.bsp.option_setting_data_flash.fsblctrl2.disabled"/>
      <property id="config.bsp.option_setting_data_flash.fsblctrl2.PORTPN" value="config.bsp.option_setting_data_flash.fsblctrl2.PORTPN.15"/>
      <property id="config.bsp.option_setting_data_flash.fsblctrl2.PORTGN" value="config.bsp.option_setting_data_flash.fsblctrl2.PORTGN.reserved"/>
      <property id="config.bsp.option_setting_data_flash.sacc0" value="config.bsp.option_setting_data_flash.sacc0.disabled"/>
      <property id="config.bsp.option_setting_data_flash.sacc0.address" value="0xFFFFFFFF"/>
      <property id="config.bsp.option_setting_data_flash.sacc1" value="config.bsp.option_setting_data_flash.sacc1.disabled"/>
      <property id="config.bsp.option_setting_data_flash.sacc1.address" value="0xFFFFFFFF"/>
      <property id="config.bsp.option_setting_data_flash.samr" value="config.bsp.option_setting_data_flash.samr.disabled"/>
      <property id="config.bsp.option_setting_data_flash.samr.address" value="0xFFFFFFFF"/>
    </config>
    <config id="config.bsp.ra">
      <property id="config.bsp.common.main" value="0x1000"/>
      <property id="config.bsp.common.heap" value="0x2000"/>
      <property id="config.bsp.common.bootloader.xip_enable" value="config.bsp.common.bootloader.xip_enable.disabled"/>
      <property id="config.bsp.common.vcc" value="3300"/>
      <property id="config.bsp.common.checking" value="config.bsp.common.checking.disabled"/>
      <property id="config.bsp.common.assert" value="config.bsp.common.assert.none"/>
      <property id="config.bsp.common.soft_reset" value="config.bsp.common.soft_reset.disabled"/>
      <property id="config.bsp.common.main_osc_populated" value="config.bsp.common.main_osc_populated.enabled"/>
      <property id="config.bsp.common.pfs_protect" value="config.bsp.common.pfs_protect.enabled"/>
      <property id="config.bsp.common.c_runtime_init" value="config.bsp.common.c_runtime_init.enabled"/>
      <property id="config.bsp.common.early_init" value="config.bsp.common.early_init.disabled"/>
      <property id="config.bsp.common.main_osc_clock_source" value="config.bsp.common.main_osc_clock_source.crystal"/>
      <property id="config.bsp.common.subclock_populated" value="config.bsp.common.subclock_populated.enabled"/>
      <property id="config.bsp.common.subclock_drive" value="config.bsp.common.subclock_drive.standard"/>
      <property id="config.bsp.common.subclock_stabilization_ms" value="1000"/>
    </config>
  </raBspConfiguration>
  <raClockConfiguration>
    <node id="board.clock.xtal.freq" mul="24000000" option="_edit"/>
    <node id="board.clock.hoco.freq" option="board.clock.hoco.freq.48m"/>
    <node id="board.clock.loco.freq" option="board.clock.loco.freq.32768"/>
    <node id="board.clock.moco.freq" option="board.clock.moco.freq.8m"/>
    <node id="board.clock.subclk.freq" option="board.clock.subclk.freq.32768"/>
    <node id="board.clock.pll.source" option="board.clock.pll.source.xtal"/>
    <node id="board.clock.pll.div" option="board.clock.pll.div.4"/>
    <node id="board.clock.pll.mul" option="board.clock.pll.mul.160_00"/>
    <node id="board.clock.pll.display" option="board.clock.pll.display.value"/>
    <node id="board.clock.pll1p.div" option="board.clock.pll1p.div.2"/>
    <node id="board.clock.pll1p.display" option="board.clock.pll1p.display.value"/>
    <node id="board.clock.pll1q.div" option="board.clock.pll1q.div.2"/>
    <node id="board.clock.pll1q.display" option="board.clock.pll1q.display.value"/>
    <node id="board.clock.pll1r.div" option="board.clock.pll1r.div.4"/>
    <node id="board.clock.pll1r.display" option="board.clock.pll1r.display.value"/>
    <node id="board.clock.pll2.source" option="board.clock.pll2.source.xtal"/>
    <node id="board.clock.pll2.div" option="board.clock.pll2.div.3"/>
    <node id="board.clock.pll2.mul" option="board.clock.pll2.mul.100_00"/>
    <node id="board.clock.pll2.display" option="board.clock.pll2.display.value"/>
    <node id="board.clock.pll2p.div" option="board.clock.pll2p.div.4"/>
    <node id="board.clock.pll2p.display" option="board.clock.pll2p.display.value"/>
    <node id="board.clock.pll2q.div" option="board.clock.pll2q.div.4"/>
    <node id="board.clock.pll2q.display" option="board.clock.pll2q.display.value"/>
    <node id="board.clock.pll2r.div" option="board.clock.pll2r.div.4"/>
    <node id="board.clock.pll2r.display" option="board.clock.pll2r.display.value"/>
    <node id="board.clock.clock.source" option="board.clock.clock.source.pll1p"/>
    <node id="board.clock.clkout.source" option="board.clock.clkout.source.disabled"/>
    <node id="board.clock.sciclk.source" option="board.clock.sciclk.source.disabled"/>
    <node id="board.clock.spiclk.source" option="board.clock.spiclk.source.disabled"/>
    <node id="board.clock.canfdclk.source" option="board.clock.canfdclk.source.disabled"/>
    <node id="board.clock.lcdclk.source" option="board.clock.lcdclk.source.disabled"/>
    <node id="board.clock.i3cclk.source" option="board.clock.i3cclk.source.disabled"/>
    <node id="board.clock.uck.source" option="board.clock.uck.source.pll1r"/>
    <node id="board.clock.u60ck.source" option="board.clock.u60ck.source.disabled"/>
    <node id="board.clock.octaspiclk.source" option="board.clock.octaspiclk.source.pll2p"/>
    <node id="board.clock.cpuclk.div" option="board.clock.cpuclk.div.1"/>
    <node id="board.clock.iclk.div" option="board.clock.iclk.div.2"/>
    <node id="board.clock.pclka.div" option="board.clock.pclka.div.4"/>
    <node id="board.clock.pclkb.div" option="board.clock.pclkb.div.8"/>
    <node id="board.clock.pclkc.div" option="board.clock.pclkc.div.8"/>
    <node id="board.clock.pclkd.div" option="board.clock.pclkd.div.4"/>
    <node id="board.clock.pclke.div" option="board.clock.pclke.div.2"/>
    <node id="board.clock.sdclkout.enable" option="board.clock.sdclkout.enable.enabled"/>
    <node id="board.clock.bclk.div" option="board.clock.bclk.div.4"/>
    <node id="board.clock.bclkout.div" option="board.clock.bclkout.div.2"/>
    <node id="board.clock.fclk.div" option="board.clock.fclk.div.8"/>
    <node id="board.clock.clkout.div" option="board.clock.clkout.div.1"/>
    <node id="board.clock.sciclk.div" option="board.clock.sciclk.div.4"/>
    <node id="board.clock.spiclk.div" option="board.clock.spiclk.div.4"/>
    <node id="board.clock.canfdclk.div" option="board.clock.canfdclk.div.8"/>
    <node id="board.clock.lcdclk.div" option="board.clock.lcdclk.div.2"/>
    <node id="board.clock.i3cclk.div" option="board.clock.i3cclk.div.3"/>
    <node id="board.clock.uck.div" option="board.clock.uck.div.5"/>
    <node id="board.clock.u60ck.div" option="board.clock.u60ck.div.5"/>
    <node id="board.clock.octaspiclk.div" option="board.clock.octaspiclk.div.1"/>
    <node id="board.clock.cpuclk.display" option="board.clock.cpuclk.display.value"/>
    <node id="board.clock.iclk.display" option="board.clock.iclk.display.value"/>
    <node id="board.clock.pclka.display" option="board.clock.pclka.display.value"/>
    <node id="board.clock.pclkb.display" option="board.clock.pclkb.display.value"/>
    <node id="board.clock.pclkc.display" option="board.clock.pclkc.display.value"/>
    <node id="board.clock.pclkd.display" option="board.clock.pclkd.display.value"/>
    <node id="board.clock.pclke.display" option="board.clock.pclke.display.value"/>
    <node id="board.clock.sdclkout.display" option="board.clock.sdclkout.display.value"/>
    <node id="board.clock.bclk.display" option="board.clock.bclk.display.value"/>
    <node id="board.clock.bclkout.display" option="board.clock.bclkout.display.value"/>
    <node id="board.clock.fclk.display" option="board.clock.fclk.display.value"/>
    <node id="board.clock.clkout.display" option="board.clock.clkout.display.value"/>
    <node id="board.clock.sciclk.display" option="board.clock.sciclk.display.value"/>
    <node id="board.clock.spiclk.display" option="board.clock.spiclk.display.value"/>
    <node id="board.clock.canfdclk.display" option="board.clock.canfdclk.display.value"/>
    <node id="board.clock.lcdclk.display" option="board.clock.lcdclk.display.value"/>
    <node id="board.clock.i3cclk.display" option="board.clock.i3cclk.display.value"/>
    <node id="board.clock.uck.display" option="board.clock.uck.display.value"/>
    <node id="board.clock.u60ck.display" option="board.clock.u60ck.display.value"/>
    <node id="board.clock.octaspiclk.display" option="board.clock.octaspiclk.display.value"/>
    <node id="board.clock.octaspiclk.om_sclk.display" option="board.clock.octaspiclk.om_sclk.display.value"/>
  </raClockConfiguration>
  <raComponentSelection>
    <component apiversion="" class="BSP" condition="" group="ra8d1" subgroup="device" variant="R7FA8D1BHECBD" vendor="Renesas" version="6.2.0">
      <description>Board support package for R7FA8D1BHECBD</description>
      <originalPack>Renesas.RA_mcu_ra8d1.6.2.0.pack</originalPack>
    </component>
    <component apiversion="" class="BSP" condition="" group="ra8d1" subgroup="device" variant="" vendor="Renesas" version="6.2.0">
      <description>Board support package for RA8D1</description>
      <originalPack>Renesas.RA_mcu_ra8d1.6.2.0.pack</originalPack>
    </component>
    <component apiversion="" class="BSP" condition="" group="ra8d1" subgroup="fsp" variant="" vendor="Renesas" version="6.2.0">
      <description>Board support package for RA8D1 - FSP Data</description>
      <originalPack>Renesas.RA_mcu_ra8d1.6.2.0.pack</originalPack>
    </component>
    <component apiversion="" class="BSP" condition="" group="ra8d1" subgroup="events" variant="" vendor="Renesas" version="6.2.0">
      <description>Board support package for RA8D1 - Events</description>
      <originalPack>Renesas.RA_mcu_ra8d1.6.2.0.pack</originalPack>
    </component>
    <component apiversion="" class="BSP" condition="" group="ra8d1" subgroup="linker" variant="" vendor="Renesas" version="6.2.0">
      <description>Board support package for RA8D1 - Linker</description>
      <originalPack>Renesas.RA_mcu_ra8d1.6.2.0.pack</originalPack>
    </component>
    <component apiversion="" class="BSP" condition="" group="Board" subgroup="ra8d1_cpkhmi" variant="" vendor="Renesas" version="6.2.0">
      <description/>
      <originalPack>Renesas.RA_board_ra8d1_cpkhmi.6.2.0.pack</originalPack>
    </component>
    <component apiversion="" class="Common" condition="" group="all" subgroup="fsp_common" variant="" vendor="Renesas" version="6.2.0">
      <description>Board Support Package Common Files</description>
      <originalPack>Renesas.RA.6.2.0.pack</originalPack>
    </component>
    <component apiversion="" class="HAL Drivers" condition="" group="all" subgroup="r_ether_phy" variant="" vendor="Renesas" version="6.2.0">
      <description>Ethernet PHY</description>
      <originalPack>Renesas.RA.6.2.0.pack</originalPack>
    </component>
    <component apiversion="" class="HAL Drivers" condition="" group="all" subgroup="r_ether" variant="" vendor="Renesas" version="6.2.0">
      <description>Ethernet</description>
      <originalPack>Renesas.RA.6.2.0.pack</originalPack>
    </component>
    <component apiversion="" class="HAL Drivers" condition="" group="all" subgroup="r_ioport" variant="" vendor="Renesas" version="6.2.0">
      <description>I/O Port</description>
      <originalPack>Renesas.RA.6.2.0.pack</originalPack>
    </component>
    <component apiversion="" class="Middleware" condition="" group="all" subgroup="rm_freertos_plus_tcp" variant="" vendor="Renesas" version="6.2.0">
      <description>r_ether to FreeRTOS+TCP Wrapper</description>
      <originalPack>Renesas.RA.6.2.0.pack</originalPack>
    </component>
    <component apiversion="" class="Middleware" condition="" group="all" subgroup="rm_freertos_port" variant="" vendor="Renesas" version="6.2.0">
      <description>FreeRTOS Port</description>
      <originalPack>Renesas.RA.6.2.0.pack</originalPack>
    </component>
    <component apiversion="" class="CMSIS" condition="" group="Main" subgroup="CoreM" variant="" vendor="Arm" version="6.1.0+fsp.6.2.0">
      <description>Arm CMSIS Version 6 - Core (M)</description>
      <originalPack>Arm.CMSIS6.6.1.0+fsp.6.2.0.pack</originalPack>
    </component>
    <component apiversion="" class="RTOS" condition="" group="FreeRTOS" subgroup="all" variant="" vendor="AWS" version="11.1.0+fsp.6.2.0">
      <description>FreeRTOS</description>
      <originalPack>Amazon.FreeRTOS-Kernel.11.1.0+fsp.6.2.0.pack</originalPack>
    </component>
    <component apiversion="" class="Heaps" condition="" group="FreeRTOS" subgroup="heap_4" variant="" vendor="AWS" version="11.1.0+fsp.6.2.0">
      <description>FreeRTOS - Memory Management - Heap 4</description>
      <originalPack>Amazon.FreeRTOS-Kernel.11.1.0+fsp.6.2.0.pack</originalPack>
    </component>
    <component apiversion="" class="Libraries" condition="" group="FreeRTOS" subgroup="BufferAllocation2" variant="" vendor="AWS" version="4.3.3+fsp.6.2.0">
      <description>FreeRTOS - Buffer Allocation 2</description>
      <originalPack>Amazon.FreeRTOS-Plus-TCP.4.3.3+fsp.6.2.0.pack</originalPack>
    </component>
    <component apiversion="" class="Libraries" condition="" group="FreeRTOS_Plus" subgroup="FreeRTOS_Plus_TCP" variant="" vendor="AWS" version="4.3.3+fsp.6.2.0">
      <description>FreeRTOS+TCP</description>
      <originalPack>Amazon.FreeRTOS-Plus-TCP.4.3.3+fsp.6.2.0.pack</originalPack>
    </component>
  </raComponentSelection>
  <raElcConfiguration/>
  <raIcuConfiguration/>
  <raLinkMapConfiguration/>
  <raModuleConfiguration>
    <module id="module.driver.ioport_on_ioport.0">
      <property id="module.driver.ioport.name" value="g_ioport"/>
      <property id="module.driver.ioport.elc_trigger_ioport1" value="_disabled"/>
      <property id="module.driver.ioport.elc_trigger_ioport2" value="_disabled"/>
      <property id="module.driver.ioport.elc_trigger_ioport3" value="_disabled"/>
      <property id="module.driver.ioport.elc_trigger_ioport4" value="_disabled"/>
      <property id="module.driver.ioport.pincfg" value="g_bsp_pin_cfg"/>
    </module>
    <module id="module.middleware.rm_freertos_port.0"/>
    <module id="module.freertos.heap.4.866828478"/>
    <module id="module.aws.freertosplus.freertosplus_tcp.1276336339"/>
    <module id="module.driver.freertos_plus_tcp_on_ether.490864694">
      <property id="module.driver.freertos_plus_tcp_on_ether.name" value="g_freertos_plus_tcp0"/>
      <property id="module.driver.freertos_plus_tcp_on_ether.rx_task_stacksize" value="configMINIMAL_STACK_SIZE"/>
      <property id="module.driver.freertos_plus_tcp_on_ether.rx_task_priority" value="configMAX_PRIORITIES - 1"/>
      <property id="module.driver.freertos_plus_tcp_on_ether.link_status_task_stacksize" value="configMINIMAL_STACK_SIZE"/>
      <property id="module.driver.freertos_plus_tcp_on_ether.link_status_task_priority" value="configMAX_PRIORITIES - 1"/>
      <property id="module.driver.freertos_plus_tcp_on_ether.link_check_interval" value="1000"/>
    </module>
    <module id="module.freertos.bufferallocation2.289311710"/>
    <module id="module.driver.ether_on_ether.1755984686">
      <property id="module.driver.ether.name" value="g_ether0"/>
      <property id="module.driver.ether.channel" value="module.driver.ether.channel.0"/>
      <property id="module.driver.ether.mac_address" value="00:11:22:33:44:55"/>
      <property id="module.driver.ether.zerocopy" value="module.driver.ether.zerocopy.0"/>
      <property id="module.driver.ether.flow_control" value="module.driver.ether.flow_control.0"/>
      <property id="module.driver.ether.multicast" value="module.driver.ether.multicast.1"/>
      <property id="module.driver.ether.promiscuous" value="module.driver.ether.promiscuous.0"/>
      <property id="module.driver.ether.broadcast_filter" value="0"/>
      <property id="module.driver.ether.num_tx_descriptors" value="4"/>
      <property id="module.driver.ether.num_rx_descriptors" value="4"/>
      <property id="module.driver.ether.allocate_rx_buffer" value="module.driver.ether.allocate_rx_buffer.1"/>
      <property id="module.driver.ether.ether_buffer_size" value="1514"/>
      <property id="module.driver.ether.padding" value="module.driver.ether.padding.0"/>
      <property id="module.driver.ether.padding_offset" value="0"/>
      <property id="module.driver.ether.eesr_event_mask" value="module.driver.ether.eesr_event_mask.rfof,module.driver.ether.eesr_event_mask.rde,module.driver.ether.eesr_event_mask.fr,module.driver.ether.eesr_event_mask.tfuf,module.driver.ether.eesr_event_mask.tde,module.driver.ether.eesr_event_mask.tc"/>
      <property id="module.driver.ether.ecsr_event_mask" value=""/>
      <property id="module.driver.ether.interrupt_priority" value="board.icu.common.irq.priority12"/>
      <property id="module.driver.ether.p_callback" value="NULL"/>
    </module>
    <module id="module.driver.ether_phy_on_ether_phy.440172465">
      <property id="module.driver.ether_phy.name" value="g_ether_phy0"/>
      <property id="module.driver.ether_phy.channel" value="module.driver.ether_phy.channel.0"/>
      <property id="module.driver.ether_phy.phy_lsi_address" value="0"/>
      <property id="module.driver.ether_phy.default_phy_lsi_port" value="module.driver.ether_phy.default_phy_lsi_port.0"/>
      <property id="module.driver.ether_phy.phy_reset_wait_time" value="0x00020000"/>
      <property id="module.driver.ether_phy.mii_type" value="module.driver.mii_type.rmii"/>
      <property id="module.driver.ether_phy.phy_lsi_type" value="module.driver.ether_phy.phy_lsi_type.kit_component"/>
      <property id="module.driver.ether_phy.target_init" value="NULL"/>
      <property id="module.driver.ether_phy.target_link_partner_ability_get" value="NULL"/>
      <property id="module.driver.ether_phy.mii_bit_access_wait_time" value="8"/>
      <property id="module.driver.ether_phy.flow_control" value="module.driver.ether_phy.flow_control.0"/>
    </module>
    <module id="module.driver.ether_phy_lsi_on_ether_phy.1834192066">
      <property id="module.driver.ether_phy_lsi.name" value="g_ether_phy_lsi0"/>
      <property id="module.driver.ether_phy_lsi.phy_lsi_address" value="0"/>
      <property id="module.driver.ether_phy_lsi.phy_lsi_type" value="module.driver.ether_phy_lsi.phy_lsi_type.kit_component"/>
    </module>
    <context id="_hal.0">
      <stack module="module.driver.ioport_on_ioport.0"/>
      <stack module="module.middleware.rm_freertos_port.0"/>
    </context>
    <context id="rtos.awsfreertos.thread.291115524">
      <property id="_symbol" value="net_thread"/>
      <property id="rtos.awsfreertos.thread.name" value="Net Thread"/>
      <property id="rtos.awsfreertos.thread.stack" value="4096"/>
      <property id="rtos.awsfreertos.thread.priority" value="2"/>
      <property id="rtos.awsfreertos.thread.context" value="NULL"/>
      <property id="rtos.awsfreertos.thread.allocation" value="rtos.awsfreertos.thread.allocation.static"/>
      <property id="rtos.awsfreertos.thread.secure_context" value="rtos.awsfreertos.thread.secure_context.enable"/>
      <stack module="module.freertos.heap.4.866828478"/>
      <stack module="module.aws.freertosplus.freertosplus_tcp.1276336339">
        <stack module="module.driver.freertos_plus_tcp_on_ether.490864694" requires="module.aws.freertosplus.freertosplus_tcp.requires.freertosplus_tcp_driver">
          <stack module="module.driver.ether_on_ether.1755984686" requires="module.driver.freertos_plus_tcp_on_ether.requires.ether">
            <stack module="module.driver.ether_phy_on_ether_phy.440172465" requires="module.driver.ether.requires.ether_phy">
              <stack module="module.driver.ether_phy_lsi_on_ether_phy.1834192066" requires="module.driver.ether_phy.requires.phy_lsi0"/>
            </stack>
          </stack>
          <stack module="module.freertos.bufferallocation2.289311710" requires="module.driver.freertos_plus_tcp_on_ether.requires.bufferallocation2"/>
        </stack>
      </stack>
    </context>
    <config id="config.driver.ether">
      <property id="config.driver.ether.param_checking_enable" value="config.driver.ether.param_checking_enable.bsp"/>
      <property id="config.driver.ether.link_present" value="config.driver.ether.link_present.0"/>
      <property id="config.driver.ether.use_linksta" value="config.driver.ether.use_linksta.0"/>
    </config>
    <config id="config.driver.ether_phy">
      <property id="config.driver.ether_phy.param_checking_enable" value="config.driver.ether_phy.param_checking_enable.bsp"/>
      <property id="config.driver.ether_phy.target_ksz8091rnb" value="config.driver.ether_phy.target_ksz8091rnb.disabled"/>
      <property id="config.driver.ether_phy.target_ksz8041" value="config.driver.ether_phy.target_ksz8041.disabled"/>
      <property id="config.driver.ether_phy.target_dp83620" value="config.driver.ether_phy.target_dp83620.disabled"/>
      <property id="config.driver.ether_phy.target_ics1894" value="config.driver.ether_phy.target_ics1894.disabled"/>
      <property id="config.driver.ether_phy.use_custom_phy_lsi" value="config.driver.ether_phy.use_custom_phy_lsi.disabled"/>
      <property id="config.driver.ether_phy.use_reference_clock" value="config.driver.ether_phy.use_reference_clock.default"/>
      <property id="config.driver.ether_phy.init_phy_lsi_automatic" value="config.driver.ether_phy.init_phy_lsi_automatic.enabled"/>
    </config>
    <config id="config.driver.ioport">
      <property id="config.driver.ioport.checking" value="config.driver.ioport.checking.system"/>
      <property id="config.driver.ioport.ccd_support_enable" value="config.driver.ioport.ccd_support_enable.disabled"/>
    </config>
    <config id="config.awsfreertos.thread">
      <property id="config.awsfreertos.custom_freertosconfig" value=""/>
      <property id="config.awsfreertos.thread.configuse_preemption" value="config.awsfreertos.thread.configuse_preemption.enabled"/>
      <property id="config.awsfreertos.thread.configuse_port_optimised_task_selection" value="config.awsfreertos.thread.configuse_port_optimised_task_selection.disabled"/>
      <property id="config.awsfreertos.thread.configuse_tickless_idle" value="config.awsfreertos.thread.configuse_tickless_idle.disabled"/>
      <property id="config.awsfreertos.thread.configuse_idle_hook" value="config.awsfreertos.thread.configuse_idle_hook.enabled"/>
      <property id="config.awsfreertos.thread.configuse_malloc_failed_hook" value="config.awsfreertos.thread.configuse_malloc_failed_hook.disabled"/>
      <property id="config.awsfreertos.thread.configuse_daemon_task_startup_hook" value="config.awsfreertos.thread.configuse_daemon_task_startup_hook.disabled"/>
      <property id="config.awsfreertos.thread.configuse_tick_hook" value="config.awsfreertos.thread.configuse_tick_hook.disabled"/>
      <property id="config.awsfreertos.thread.configcpu_clock_hz" value="SystemCoreClock"/>
      <property id="config.awsfreertos.thread.configtick_rate_hz" value="1000"/>
      <property id="config.awsfreertos.thread.configmax_priorities" value="5"/>
      <property id="config.awsfreertos.thread.configminimal_stack_size" value="128"/>
      <property id="config.awsfreertos.thread.configmax_task_name_len" value="16"/>
      <property id="config.awsfreertos.thread.configuse_trace_facility" value="config.awsfreertos.thread.configuse_trace_facility.disabled"/>
      <property id="config.awsfreertos.thread.configuse_stats_formatting_functions" value="config.awsfreertos.thread.configuse_stats_formatting_functions.disabled"/>
      <property id="config.awsfreertos.thread.configuse_16_bit_ticks" value="config.awsfreertos.thread.configuse_16_bit_ticks.disabled"/>
      <property id="config.awsfreertos.thread.configidle_should_yield" value="config.awsfreertos.thread.configidle_should_yield.enabled"/>
      <property id="config.awsfreertos.thread.configuse_task_notifications" value="config.awsfreertos.thread.configuse_task_notifications.enabled"/>
      <property id="config.awsfreertos.thread.configtask_notifications_array_enteries" value="1"/>
      <property id="config.awsfreertos.thread.configuse_mutexes" value="config.awsfreertos.thread.configuse_mutexes.disabled"/>
      <property id="config.awsfreertos.thread.configuse_recursive_mutexes" value="config.awsfreertos.thread.configuse_recursive_mutexes.disabled"/>
      <property id="config.awsfreertos.thread.configuse_counting_semaphores" value="config.awsfreertos.thread.configuse_counting_semaphores.enabled"/>
      <property id="config.awsfreertos.thread.configcheck_for_stack_overflow" value="config.awsfreertos.thread.configcheck_for_stack_overflow.disabled"/>
      <property id="config.awsfreertos.thread.configqueue_registry_size" value="10"/>
      <property id="config.awsfreertos.thread.configuse_queue_sets" value="config.awsfreertos.thread.configuse_queue_sets.disabled"/>
      <property id="config.awsfreertos.thread.configuse_time_slicing" value="config.awsfreertos.thread.configuse_time_slicing.disabled"/>
      <property id="config.awsfreertos.thread.configuse_newlib_reentrant" value="config.awsfreertos.thread.configuse_newlib_reentrant.disabled"/>
      <property id="config.awsfreertos.thread.configenable_backward_compatibility" value="config.awsfreertos.thread.configenable_backward_compatibility.disabled"/>
      <property id="config.awsfreertos.thread.confignum_thread_local_storage_pointers" value="5"/>
      <property id="config.awsfreertos.thread.configstack_depth_type" value="uint32_t"/>
      <property id="config.awsfreertos.thread.configmessage_buffer_length_type" value="size_t"/>
      <property id="config.awsfreertos.thread.configheap_clear_memory_on_free" value="config.awsfreertos.thread.configheap_clear_memory_on_free.disabled"/>
      <property id="config.awsfreertos.thread.configsupport_static_allocation" value="config.awsfreertos.thread.configsupport_static_allocation.enabled"/>
      <property id="config.awsfreertos.thread.configsupport_dynamic_allocation" value="config.awsfreertos.thread.configsupport_dynamic_allocation.enabled"/>
      <property id="config.awsfreertos.thread.configtotal_heap_size" value="0x8000"/>
      <property id="config.awsfreertos.thread.configapplication_allocated_heap" value="config.awsfreertos.thread.configapplication_allocated_heap.disabled"/>
      <property id="config.awsfreertos.thread.configgenerate_run_time_stats" value="config.awsfreertos.thread.configgenerate_run_time_stats.disabled"/>
      <property id="config.awsfreertos.thread.configuse_timers" value="config.awsfreertos.thread.configuse_timers.enabled"/>
      <property id="config.awsfreertos.thread.configtimer_task_priority" value="3"/>
      <property id="config.awsfreertos.thread.configtimer_queue_length" value="10"/>
      <property id="config.awsfreertos.thread.configtimer_task_stack_depth" value="128"/>
      <property id="config.awsfreertos.thread.configlibrary_max_syscall_interrupt_priority" value="board.icu.common.irq.priority1"/>
      <property id="config.awsfreertos.thread.configassert" value="assert(x)"/>
      <property id="config.awsfreertos.thread.configinclude_application_defined_privileged_functions" value="config.awsfreertos.thread.configinclude_application_defined_privileged_functions.disabled"/>
      <property id="config.awsfreertos.thread.include_vtaskpriorityset" value="config.awsfreertos.thread.include_vtaskpriorityset.enabled"/>
      <property id="config.awsfreertos.thread.include_uxtaskpriorityget" value="config.awsfreertos.thread.include_uxtaskpriorityget.enabled"/>
      <property id="config.awsfreertos.thread.include_vtaskdelete" value="config.awsfreertos.thread.include_vtaskdelete.enabled"/>
      <property id="config.awsfreertos.thread.include_vtasksuspend" value="config.awsfreertos.thread.include_vtasksuspend.enabled"/>
      <property id="config.awsfreertos.thread.include_xresumefromisr" value="config.awsfreertos.thread.include_xresumefromisr.enabled"/>
      <property id="config.awsfreertos.thread.include_vtaskdelayuntil" value="config.awsfreertos.thread.include_vtaskdelayuntil.enabled"/>
      <property id="config.awsfreertos.thread.include_vtaskdelay" value="config.awsfreertos.thread.include_vtaskdelay.enabled"/>
      <property id="config.awsfreertos.thread.include_xtaskgetschedulerstate" value="config.awsfreertos.thread.include_xtaskgetschedulerstate.enabled"/>
      <property id="config.awsfreertos.thread.include_xtaskgetcurrenttaskhandle" value="config.awsfreertos.thread.include_xtaskgetcurrenttaskhandle.enabled"/>
      <property id="config.awsfreertos.thread.include_uxtaskgetstackhighwatermark" value="config.awsfreertos.thread.include_uxtaskgetstackhighwatermark.disabled"/>
      <property id="config.awsfreertos.thread.include_xtaskgetidletaskhandle" value="config.awsfreertos.thread.include_xtaskgetidletaskhandle.disabled"/>
      <property id="config.awsfreertos.thread.include_etaskgetstate" value="config.awsfreertos.thread.include_etaskgetstate.disabled"/>
      <property id="config.awsfreertos.thread.include_xeventgroupsetbitfromisr" value="config.awsfreertos.thread.include_xeventgroupsetbitfromisr.enabled"/>
      <property id="config.awsfreertos.thread.include_xtimerpendfunctioncall" value="config.awsfreertos.thread.include_xtimerpendfunctioncall.disabled"/>
      <property id="config.awsfreertos.thread.include_xtaskabortdelay" value="config.awsfreertos.thread.include_xtaskabortdelay.disabled"/>
      <property id="config.awsfreertos.thread.include_xtaskgethandle" value="config.awsfreertos.thread.include_xtaskgethandle.disabled"/>
      <property id="config.awsfreertos.thread.include_xtaskresumefromisr" value="config.awsfreertos.thread.include_xtaskresumefromisr.enabled"/>
      <property id="config.awsfreertos.thread.include_hw_stack_monitor" value="config.awsfreertos.thread.include_hw_stack_monitor.disabled"/>
      <property id="config.awsfreertos.thread.print_function" value="vLoggingPrint(x)"/>
      <property id="config.awsfreertos.thread.include_time_and_task" value="config.awsfreertos.thread.include_time_and_task.disabled"/>
      <property id="config.awsfreertos.thread.debug_logging_name" value="Log Name"/>
      <property id="config.awsfreertos.thread.logging_level" value="config.awsfreertos.thread.logging_level.log_none"/>
    </config>
    <config id="config.aws.freertosplus.freertosplus_tcp">
      <property id="config.aws.freertosplus.freertosplus_tcp.ipconfigHAS_DEBUG_PRINTF" value="config.aws.freertosplus.freertosplus_tcp.ipconfigHAS_DEBUG_PRINTF.0"/>
      <property id="config.aws.freertosplus.freertosplus_tcp.ipconfigIPv4_BACKWARD_COMPATIBLE" value="config.aws.freertosplus.freertosplus_tcp.ipconfigIPv4_BACKWARD_COMPATIBLE.1"/>
      <property id="config.aws.freertosplus.freertosplus_tcp.ipconfigUSE_IPv6" value="config.aws.freertosplus.freertosplus_tcp.ipconfigUSE_IPv6.0"/>
      <property id="config.aws.freertosplus.freertosplus_tcp.ipconfigHAS_PRINTF" value="config.aws.freertosplus.freertosplus_tcp.ipconfigHAS_PRINTF.0"/>
      <property id="config.aws.freertosplus.freertosplus_tcp.ipconfigBYTE_ORDER" value="config.aws.freertosplus.freertosplus_tcp.ipconfigBYTE_ORDER.pdFREERTOS_LITTLE_ENDIAN"/>
      <property id="config.aws.freertosplus.freertosplus_tcp.ipconfigDRIVER_INCLUDED_RX_IP_CHECKSUM" value="config.aws.freertosplus.freertosplus_tcp.ipconfigDRIVER_INCLUDED_RX_IP_CHECKSUM.1"/>
      <property id="config.aws.freertosplus.freertosplus_tcp.ipconfigSOCK_DEFAULT_RECEIVE_BLOCK_TIME" value="2000"/>
      <property id="config.aws.freertosplus.freertosplus_tcp.ipconfigSOCK_DEFAULT_SEND_BLOCK_TIME" value="2000"/>
      <property id="config.aws.freertosplus.freertosplus_tcp.ipconfigUSE_DNS_CACHE" value="config.aws.freertosplus.freertosplus_tcp.ipconfigUSE_DNS_CACHE.1"/>
      <property id="config.aws.freertosplus.freertosplus_tcp.ipconfigDNS_REQUEST_ATTEMPTS" value="5"/>
      <property id="config.aws.freertosplus.freertosplus_tcp.ipconfigIP_TASK_PRIORITY" value="configMAX_PRIORITIES - 1"/>
      <property id="config.aws.freertosplus.freertosplus_tcp.ipconfigIP_TASK_STACK_SIZE_WORDS" value="configMINIMAL_STACK_SIZE * 10"/>
      <property id="config.aws.freertosplus.freertosplus_tcp.ipconfigUSE_NETWORK_EVENT_HOOK" value="config.aws.freertosplus.freertosplus_tcp.ipconfigUSE_NETWORK_EVENT_HOOK.0"/>
      <property id="config.aws.freertosplus.freertosplus_tcp.ipconfigUDP_MAX_SEND_BLOCK_TIME_TICKS" value="15000 / portTICK_PERIOD_MS"/>
      <property id="config.aws.freertosplus.freertosplus_tcp.ipconfigUSE_DHCP" value="config.aws.freertosplus.freertosplus_tcp.ipconfigUSE_DHCP.0"/>
      <property id="config.aws.freertosplus.freertosplus_tcp.ipconfigDHCP_REGISTER_HOSTNAME" value="config.aws.freertosplus.freertosplus_tcp.ipconfigDHCP_REGISTER_HOSTNAME.0"/>
      <property id="config.aws.freertosplus.freertosplus_tcp.ipconfigDHCP_USES_UNICAST" value="config.aws.freertosplus.freertosplus_tcp.ipconfigDHCP_USES_UNICAST.0"/>
      <property id="config.aws.freertosplus.freertosplus_tcp.ipconfigUSE_DHCP_HOOK" value="config.aws.freertosplus.freertosplus_tcp.ipconfigUSE_DHCP_HOOK.0"/>
      <property id="config.aws.freertosplus.freertosplus_tcp.ipconfigMAXIMUM_DISCOVER_TX_PERIOD" value="120000 / portTICK_PERIOD_MS"/>
      <property id="config.aws.freertosplus.freertosplus_tcp.ipconfigARP_CACHE_ENTRIES" value="6"/>
      <property id="config.aws.freertosplus.freertosplus_tcp.ipconfigMAX_ARP_RETRANSMISSIONS" value="5"/>
      <property id="config.aws.freertosplus.freertosplus_tcp.ipconfigMAX_ARP_AGE" value="150"/>
      <property id="config.aws.freertosplus.freertosplus_tcp.ipconfigINCLUDE_FULL_INET_ADDR" value="config.aws.freertosplus.freertosplus_tcp.ipconfigINCLUDE_FULL_INET_ADDR.1"/>
      <property id="config.aws.freertosplus.freertosplus_tcp.ipconfigNUM_NETWORK_BUFFER_DESCRIPTORS" value="16"/>
      <property id="config.aws.freertosplus.freertosplus_tcp.ipconfigEVENT_QUEUE_LENGTH" value="ipconfigNUM_NETWORK_BUFFER_DESCRIPTORS + 5"/>
      <property id="config.aws.freertosplus.freertosplus_tcp.ipconfigALLOW_SOCKET_SEND_WITHOUT_BIND" value="config.aws.freertosplus.freertosplus_tcp.ipconfigALLOW_SOCKET_SEND_WITHOUT_BIND.0"/>
      <property id="config.aws.freertosplus.freertosplus_tcp.ipconfigUDP_TIME_TO_LIVE" value="128"/>
      <property id="config.aws.freertosplus.freertosplus_tcp.ipconfigTCP_TIME_TO_LIVE" value="128"/>
      <property id="config.aws.freertosplus.freertosplus_tcp.ipconfigUSE_TCP" value="config.aws.freertosplus.freertosplus_tcp.ipconfigUSE_TCP.1"/>
      <property id="config.aws.freertosplus.freertosplus_tcp.ipconfigUSE_TCP_WIN" value="config.aws.freertosplus.freertosplus_tcp.ipconfigUSE_TCP_WIN.0"/>
      <property id="config.aws.freertosplus.freertosplus_tcp.ipconfigNETWORK_MTU" value="1500"/>
      <property id="config.aws.freertosplus.freertosplus_tcp.ipconfigUSE_DNS" value="config.aws.freertosplus.freertosplus_tcp.ipconfigUSE_DNS.1"/>
      <property id="config.aws.freertosplus.freertosplus_tcp.ipconfigREPLY_TO_INCOMING_PINGS" value="config.aws.freertosplus.freertosplus_tcp.ipconfigREPLY_TO_INCOMING_PINGS.1"/>
      <property id="config.aws.freertosplus.freertosplus_tcp.ipconfigSUPPORT_OUTGOING_PINGS" value="config.aws.freertosplus.freertosplus_tcp.ipconfigSUPPORT_OUTGOING_PINGS.1"/>
      <property id="config.aws.freertosplus.freertosplus_tcp.ipconfigSUPPORT_SELECT_FUNCTION" value="config.aws.freertosplus.freertosplus_tcp.ipconfigSUPPORT_SELECT_FUNCTION.1"/>
      <property id="config.aws.freertosplus.freertosplus_tcp.ipconfigFILTER_OUT_NON_ETHERNET_II_FRAMES" value="config.aws.freertosplus.freertosplus_tcp.ipconfigFILTER_OUT_NON_ETHERNET_II_FRAMES.1"/>
      <property id="config.aws.freertosplus.freertosplus_tcp.ipconfigETHERNET_DRIVER_FILTERS_FRAME_TYPES" value="config.aws.freertosplus.freertosplus_tcp.ipconfigETHERNET_DRIVER_FILTERS_FRAME_TYPES.0"/>
      <property id="config.aws.freertosplus.freertosplus_tcp.ipconfigPACKET_FILLER_SIZE" value="2"/>
      <property id="config.aws.freertosplus.freertosplus_tcp.ipconfigTCP_WIN_SEG_COUNT" value="240"/>
      <property id="config.aws.freertosplus.freertosplus_tcp.ipconfigTCP_RX_BUFFER_LENGTH" value="3000"/>
      <property id="config.aws.freertosplus.freertosplus_tcp.ipconfigTCP_TX_BUFFER_LENGTH" value="3000"/>
      <property id="config.aws.freertosplus.freertosplus_tcp.ipconfigTCP_KEEP_ALIVE" value="config.aws.freertosplus.freertosplus_tcp.ipconfigTCP_KEEP_ALIVE.1"/>
      <property id="config.aws.freertosplus.freertosplus_tcp.ipconfigTCP_KEEP_ALIVE_INTERVAL" value="120"/>
      <property id="config.aws.freertosplus.freertosplus_tcp.ipconfigSOCKET_HAS_USER_SEMAPHORE" value="config.aws.freertosplus.freertosplus_tcp.ipconfigSOCKET_HAS_USER_SEMAPHORE.0"/>
      <property id="config.aws.freertosplus.freertosplus_tcp.ipconfigSOCKET_HAS_USER_WAKE_CALLBACK" value="config.aws.freertosplus.freertosplus_tcp.ipconfigSOCKET_HAS_USER_WAKE_CALLBACK.1"/>
      <property id="config.aws.freertosplus.freertosplus_tcp.ipconfigUSE_CALLBACKS" value="config.aws.freertosplus.freertosplus_tcp.ipconfigUSE_CALLBACKS.0"/>
      <property id="config.aws.freertosplus.freertosplus_tcp.ipconfigZERO_COPY_TX_DRIVER" value="config.aws.freertosplus.freertosplus_tcp.ipconfigZERO_COPY_TX_DRIVER.0"/>
      <property id="config.aws.freertosplus.freertosplus_tcp.ipconfigZERO_COPY_RX_DRIVER" value="config.aws.freertosplus.freertosplus_tcp.ipconfigZERO_COPY_RX_DRIVER.0"/>
      <property id="config.aws.freertosplus.freertosplus_tcp.ipconfigUSE_LINKED_RX_MESSAGES" value="config.aws.freertosplus.freertosplus_tcp.ipconfigUSE_LINKED_RX_MESSAGES.0"/>
    </config>
  </raModuleConfiguration>
  <raPinConfiguration>
    <symbolicName propertyId="p008.symbolic_name" value="USER_SW"/>
    <symbolicName propertyId="pa01.symbolic_name" value="USER_LED"/>
    <pincfg active="true" name="RA8D1_CPKHMI+Octa-Flash.pincfg" selected="true" symbol="g_bsp_pin_cfg">
      <configSetting altId="cgc.mode.custom.free" configurationId="cgc.mode"/>
      <configSetting altId="ether_rmii.et0_mdc.p401" configurationId="ether_rmii.et0_mdc"/>
      <configSetting altId="ether_rmii.et0_mdio.p402" configurationId="ether_rmii.et0_mdio"/>
      <configSetting altId="ether_rmii.mode.custom.free" configurationId="ether_rmii.mode"/>
      <configSetting altId="ether_rmii.ref50ck0.p701" configurationId="ether_rmii.ref50ck0"/>
      <configSetting altId="ether_rmii.rmii0_crs_dv.p705" configurationId="ether_rmii.rmii0_crs_dv"/>
      <configSetting altId="ether_rmii.rmii0_rx_er.p704" configurationId="ether_rmii.rmii0_rx_er"/>
      <configSetting altId="ether_rmii.rmii0_rxd0.p702" configurationId="ether_rmii.rmii0_rxd0"/>
      <configSetting altId="ether_rmii.rmii0_rxd1.p703" configurationId="ether_rmii.rmii0_rxd1"/>
      <configSetting altId="ether_rmii.rmii0_txd0.p700" configurationId="ether_rmii.rmii0_txd0"/>
      <configSetting altId="ether_rmii.rmii0_txd1.p406" configurationId="ether_rmii.rmii0_txd1"/>
      <configSetting altId="ether_rmii.rmii0_txd_en.p405" configurationId="ether_rmii.rmii0_txd_en"/>
      <configSetting altId="irq12.irq12_dash_ds.p008" configurationId="irq12.irq12_dash_ds"/>
      <configSetting altId="irq12.mode.custom.free" configurationId="irq12.mode"/>
      <configSetting altId="jtag_fslash_swd.mode.swd.free" configurationId="jtag_fslash_swd.mode"/>
      <configSetting altId="jtag_fslash_swd.swclk.p211" configurationId="jtag_fslash_swd.swclk"/>
      <configSetting altId="jtag_fslash_swd.swdio.p210" configurationId="jtag_fslash_swd.swdio"/>
      <configSetting altId="ospi.mode.custom.free" configurationId="ospi.mode"/>
      <configSetting altId="ospi.om_cs1.p104" configurationId="ospi.om_cs1"/>
      <configSetting altId="ospi.om_dqs.p801" configurationId="ospi.om_dqs"/>
      <configSetting altId="ospi.om_ecsint1.p105" configurationId="ospi.om_ecsint1"/>
      <configSetting altId="ospi.om_reset.p106" configurationId="ospi.om_reset"/>
      <configSetting altId="ospi.om_rsto1.p600" configurationId="ospi.om_rsto1"/>
      <configSetting altId="ospi.om_sclk.p808" configurationId="ospi.om_sclk"/>
      <configSetting altId="ospi.om_sclkn.p809" configurationId="ospi.om_sclkn"/>
      <configSetting altId="ospi.om_sio0.p100" configurationId="ospi.om_sio0"/>
      <configSetting altId="ospi.om_sio1.p803" configurationId="ospi.om_sio1"/>
      <configSetting altId="ospi.om_sio2.p103" configurationId="ospi.om_sio2"/>
      <configSetting altId="ospi.om_sio3.p101" configurationId="ospi.om_sio3"/>
      <configSetting altId="ospi.om_sio4.p102" configurationId="ospi.om_sio4"/>
      <configSetting altId="ospi.om_sio5.p800" configurationId="ospi.om_sio5"/>
      <configSetting altId="ospi.om_sio6.p802" configurationId="ospi.om_sio6"/>
      <configSetting altId="ospi.om_sio7.p804" configurationId="ospi.om_sio7"/>
      <configSetting altId="p008.irq12.irq12_dash_ds" configurationId="p008"/>
      <configSetting altId="p008.gpio_irq.gpio_irq_enabled" configurationId="p008.gpio_irq"/>
      <configSetting altId="p008.gpio_mode.gpio_mode_irq" configurationId="p008.gpio_mode"/>
      <configSetting altId="p100.ospi.om_sio0" configurationId="p100"/>
      <configSetting altId="p100.gpio_speed.gpio_speed_hh" configurationId="p100.gpio_drivecapacity"/>
      <configSetting altId="p100.gpio_mode.gpio_mode_peripheral" configurationId="p100.gpio_mode"/>
      <configSetting altId="p101.ospi.om_sio3" configurationId="p101"/>
      <configSetting altId="p101.gpio_speed.gpio_speed_hh" configurationId="p101.gpio_drivecapacity"/>
      <configSetting altId="p101.gpio_mode.gpio_mode_peripheral" configurationId="p101.gpio_mode"/>
      <configSetting altId="p102.ospi.om_sio4" configurationId="p102"/>
      <configSetting altId="p102.gpio_speed.gpio_speed_hh" configurationId="p102.gpio_drivecapacity"/>
      <configSetting altId="p102.gpio_mode.gpio_mode_peripheral" configurationId="p102.gpio_mode"/>
      <configSetting altId="p103.ospi.om_sio2" configurationId="p103"/>
      <configSetting altId="p103.gpio_speed.gpio_speed_hh" configurationId="p103.gpio_drivecapacity"/>
      <configSetting altId="p103.gpio_mode.gpio_mode_peripheral" configurationId="p103.gpio_mode"/>
      <configSetting altId="p104.ospi.om_cs1" configurationId="p104"/>
      <configSetting altId="p104.gpio_speed.gpio_speed_h" configurationId="p104.gpio_drivecapacity"/>
      <configSetting altId="p104.gpio_mode.gpio_mode_peripheral" configurationId="p104.gpio_mode"/>
      <configSetting altId="p105.ospi.om_ecsint1" configurationId="p105"/>
      <configSetting altId="p105.gpio_mode.gpio_mode_peripheral" configurationId="p105.gpio_mode"/>
      <configSetting altId="p106.ospi.om_reset" configurationId="p106"/>
      <configSetting altId="p106.gpio_mode.gpio_mode_peripheral" configurationId="p106.gpio_mode"/>
      <configSetting altId="p112.sdram.dqm1" configurationId="p112"/>
      <configSetting altId="p112.gpio_speed.gpio_speed_h" configurationId="p112.gpio_drivecapacity"/>
      <configSetting altId="p112.gpio_mode.gpio_mode_peripheral" configurationId="p112.gpio_mode"/>
      <configSetting altId="p113.sdram.cke" configurationId="p113"/>
      <configSetting altId="p113.gpio_speed.gpio_speed_h" configurationId="p113.gpio_drivecapacity"/>
      <configSetting altId="p113.gpio_mode.gpio_mode_peripheral" configurationId="p113.gpio_mode"/>
      <configSetting altId="p114.sdram.we" configurationId="p114"/>
      <configSetting altId="p114.gpio_speed.gpio_speed_h" configurationId="p114.gpio_drivecapacity"/>
      <configSetting altId="p114.gpio_mode.gpio_mode_peripheral" configurationId="p114.gpio_mode"/>
      <configSetting altId="p115.sdram.sdcs" configurationId="p115"/>
      <configSetting altId="p115.gpio_speed.gpio_speed_h" configurationId="p115.gpio_drivecapacity"/>
      <configSetting altId="p115.gpio_mode.gpio_mode_peripheral" configurationId="p115.gpio_mode"/>
      <configSetting altId="p210.jtag_fslash_swd.swdio" configurationId="p210"/>
      <configSetting altId="p210.gpio_mode.gpio_mode_peripheral" configurationId="p210.gpio_mode"/>
      <configSetting altId="p211.jtag_fslash_swd.swclk" configurationId="p211"/>
      <configSetting altId="p211.gpio_mode.gpio_mode_peripheral" configurationId="p211.gpio_mode"/>
      <configSetting altId="p300.sdram.dqm3" configurationId="p300"/>
      <configSetting altId="p300.gpio_speed.gpio_speed_h" configurationId="p300.gpio_drivecapacity"/>
      <configSetting altId="p300.gpio_mode.gpio_mode_peripheral" configurationId="p300.gpio_mode"/>
      <configSetting altId="p301.sdram.a2" configurationId="p301"/>
      <configSetting altId="p301.gpio_speed.gpio_speed_h" configurationId="p301.gpio_drivecapacity"/>
      <configSetting altId="p301.gpio_mode.gpio_mode_peripheral" configurationId="p301.gpio_mode"/>
      <configSetting altId="p302.sdram.a3" configurationId="p302"/>
      <configSetting altId="p302.gpio_speed.gpio_speed_h" configurationId="p302.gpio_drivecapacity"/>
      <configSetting altId="p302.gpio_mode.gpio_mode_peripheral" configurationId="p302.gpio_mode"/>
      <configSetting altId="p303.sdram.a4" configurationId="p303"/>
      <configSetting altId="p303.gpio_speed.gpio_speed_h" configurationId="p303.gpio_drivecapacity"/>
      <configSetting altId="p303.gpio_mode.gpio_mode_peripheral" configurationId="p303.gpio_mode"/>
      <configSetting altId="p304.sdram.a5" configurationId="p304"/>
      <configSetting altId="p304.gpio_speed.gpio_speed_h" configurationId="p304.gpio_drivecapacity"/>
      <configSetting altId="p304.gpio_mode.gpio_mode_peripheral" configurationId="p304.gpio_mode"/>
      <configSetting altId="p305.sdram.a6" configurationId="p305"/>
      <configSetting altId="p305.gpio_speed.gpio_speed_h" configurationId="p305.gpio_drivecapacity"/>
      <configSetting altId="p305.gpio_mode.gpio_mode_peripheral" configurationId="p305.gpio_mode"/>
      <configSetting altId="p306.sdram.a7" configurationId="p306"/>
      <configSetting altId="p306.gpio_speed.gpio_speed_h" configurationId="p306.gpio_drivecapacity"/>
      <configSetting altId="p306.gpio_mode.gpio_mode_peripheral" configurationId="p306.gpio_mode"/>
      <configSetting altId="p307.sdram.a8" configurationId="p307"/>
      <configSetting altId="p307.gpio_speed.gpio_speed_h" configurationId="p307.gpio_drivecapacity"/>
      <configSetting altId="p307.gpio_mode.gpio_mode_peripheral" configurationId="p307.gpio_mode"/>
      <configSetting altId="p308.sdram.a9" configurationId="p308"/>
      <configSetting altId="p308.gpio_speed.gpio_speed_h" configurationId="p308.gpio_drivecapacity"/>
      <configSetting altId="p308.gpio_mode.gpio_mode_peripheral" configurationId="p308.gpio_mode"/>
      <configSetting altId="p309.sdram.a10" configurationId="p309"/>
      <configSetting altId="p309.gpio_speed.gpio_speed_h" configurationId="p309.gpio_drivecapacity"/>
      <configSetting altId="p309.gpio_mode.gpio_mode_peripheral" configurationId="p309.gpio_mode"/>
      <configSetting altId="p310.sdram.a11" configurationId="p310"/>
      <configSetting altId="p310.gpio_speed.gpio_speed_h" configurationId="p310.gpio_drivecapacity"/>
      <configSetting altId="p310.gpio_mode.gpio_mode_peripheral" configurationId="p310.gpio_mode"/>
      <configSetting altId="p311.sdram.a12" configurationId="p311"/>
      <configSetting altId="p311.gpio_speed.gpio_speed_h" configurationId="p311.gpio_drivecapacity"/>
      <configSetting altId="p311.gpio_mode.gpio_mode_peripheral" configurationId="p311.gpio_mode"/>
      <configSetting altId="p312.sdram.a13" configurationId="p312"/>
      <configSetting altId="p312.gpio_speed.gpio_speed_h" configurationId="p312.gpio_drivecapacity"/>
      <configSetting altId="p312.gpio_mode.gpio_mode_peripheral" configurationId="p312.gpio_mode"/>
      <configSetting altId="p401.ether_rmii.et0_mdc" configurationId="p401"/>
      <configSetting altId="p401.gpio_speed.gpio_speed_m" configurationId="p401.gpio_drivecapacity"/>
      <configSetting altId="p401.gpio_mode.gpio_mode_peripheral" configurationId="p401.gpio_mode"/>
      <configSetting altId="p402.ether_rmii.et0_mdio" configurationId="p402"/>
      <configSetting altId="p402.gpio_speed.gpio_speed_m" configurationId="p402.gpio_drivecapacity"/>
      <configSetting altId="p402.gpio_mode.gpio_mode_peripheral" configurationId="p402.gpio_mode"/>
      <configSetting altId="p405.ether_rmii.rmii0_txd_en" configurationId="p405"/>
      <configSetting altId="p405.gpio_speed.gpio_speed_h" configurationId="p405.gpio_drivecapacity"/>
      <configSetting altId="p405.gpio_mode.gpio_mode_peripheral" configurationId="p405.gpio_mode"/>
      <configSetting altId="p406.ether_rmii.rmii0_txd1" configurationId="p406"/>
      <configSetting altId="p406.gpio_speed.gpio_speed_h" configurationId="p406.gpio_drivecapacity"/>
      <configSetting altId="p406.gpio_mode.gpio_mode_peripheral" configurationId="p406.gpio_mode"/>
      <configSetting altId="p408.sci3.rxd3" configurationId="p408"/>
      <configSetting altId="p408.gpio_mode.gpio_mode_peripheral" configurationId="p408.gpio_mode"/>
      <configSetting altId="p409.sci3.txd3" configurationId="p409"/>
      <configSetting altId="p409.gpio_mode.gpio_mode_peripheral" configurationId="p409.gpio_mode"/>
      <configSetting altId="p500.sdhi1.sd1dat1" configurationId="p500"/>
      <configSetting altId="p500.gpio_mode.gpio_mode_peripheral" configurationId="p500.gpio_mode"/>
      <configSetting altId="p501.sdhi1.sd1dat2" configurationId="p501"/>
      <configSetting altId="p501.gpio_mode.gpio_mode_peripheral" configurationId="p501.gpio_mode"/>
      <configSetting altId="p502.sdhi1.sd1dat3" configurationId="p502"/>
      <configSetting altId="p502.gpio_mode.gpio_mode_peripheral" configurationId="p502.gpio_mode"/>
      <configSetting altId="p503.sdhi1.sd1cd" configurationId="p503"/>
      <configSetting altId="p503.gpio_mode.gpio_mode_peripheral" configurationId="p503.gpio_mode"/>
      <configSetting altId="p505.sdram.dq27" configurationId="p505"/>
      <configSetting altId="p505.gpio_speed.gpio_speed_h" configurationId="p505.gpio_drivecapacity"/>
      <configSetting altId="p505.gpio_mode.gpio_mode_peripheral" configurationId="p505.gpio_mode"/>
      <configSetting altId="p506.sdram.dq28" configurationId="p506"/>
      <configSetting altId="p506.gpio_speed.gpio_speed_h" configurationId="p506.gpio_drivecapacity"/>
      <configSetting altId="p506.gpio_mode.gpio_mode_peripheral" configurationId="p506.gpio_mode"/>
      <configSetting altId="p507.sdram.dq29" configurationId="p507"/>
      <configSetting altId="p507.gpio_speed.gpio_speed_h" configurationId="p507.gpio_drivecapacity"/>
      <configSetting altId="p507.gpio_mode.gpio_mode_peripheral" configurationId="p507.gpio_mode"/>
      <configSetting altId="p508.sdram.dq30" configurationId="p508"/>
      <configSetting altId="p508.gpio_speed.gpio_speed_h" configurationId="p508.gpio_drivecapacity"/>
      <configSetting altId="p508.gpio_mode.gpio_mode_peripheral" configurationId="p508.gpio_mode"/>
      <configSetting altId="p509.sdram.dq31" configurationId="p509"/>
      <configSetting altId="p509.gpio_speed.gpio_speed_h" configurationId="p509.gpio_drivecapacity"/>
      <configSetting altId="p509.gpio_mode.gpio_mode_peripheral" configurationId="p509.gpio_mode"/>
      <configSetting altId="p600.ospi.om_rsto1" configurationId="p600"/>
      <configSetting altId="p600.gpio_mode.gpio_mode_peripheral" configurationId="p600.gpio_mode"/>
      <configSetting altId="p601.sdram.dq0" configurationId="p601"/>
      <configSetting altId="p601.gpio_speed.gpio_speed_h" configurationId="p601.gpio_drivecapacity"/>
      <configSetting altId="p601.gpio_mode.gpio_mode_peripheral" configurationId="p601.gpio_mode"/>
      <configSetting altId="p602.sdram.dq1" configurationId="p602"/>
      <configSetting altId="p602.gpio_speed.gpio_speed_h" configurationId="p602.gpio_drivecapacity"/>
      <configSetting altId="p602.gpio_mode.gpio_mode_peripheral" configurationId="p602.gpio_mode"/>
      <configSetting altId="p603.sdram.dq2" configurationId="p603"/>
      <configSetting altId="p603.gpio_speed.gpio_speed_h" configurationId="p603.gpio_drivecapacity"/>
      <configSetting altId="p603.gpio_mode.gpio_mode_peripheral" configurationId="p603.gpio_mode"/>
      <configSetting altId="p604.sdram.dq3" configurationId="p604"/>
      <configSetting altId="p604.gpio_speed.gpio_speed_h" configurationId="p604.gpio_drivecapacity"/>
      <configSetting altId="p604.gpio_mode.gpio_mode_peripheral" configurationId="p604.gpio_mode"/>
      <configSetting altId="p605.sdram.dq4" configurationId="p605"/>
      <configSetting altId="p605.gpio_speed.gpio_speed_h" configurationId="p605.gpio_drivecapacity"/>
      <configSetting altId="p605.gpio_mode.gpio_mode_peripheral" configurationId="p605.gpio_mode"/>
      <configSetting altId="p606.sdram.dq5" configurationId="p606"/>
      <configSetting altId="p606.gpio_speed.gpio_speed_h" configurationId="p606.gpio_drivecapacity"/>
      <configSetting altId="p606.gpio_mode.gpio_mode_peripheral" configurationId="p606.gpio_mode"/>
      <configSetting altId="p607.sdram.dq6" configurationId="p607"/>
      <configSetting altId="p607.gpio_speed.gpio_speed_h" configurationId="p607.gpio_drivecapacity"/>
      <configSetting altId="p607.gpio_mode.gpio_mode_peripheral" configurationId="p607.gpio_mode"/>
      <configSetting altId="p609.sdram.dq8" configurationId="p609"/>
      <configSetting altId="p609.gpio_speed.gpio_speed_h" configurationId="p609.gpio_drivecapacity"/>
      <configSetting altId="p609.gpio_mode.gpio_mode_peripheral" configurationId="p609.gpio_mode"/>
      <configSetting altId="p610.sdram.dq9" configurationId="p610"/>
      <configSetting altId="p610.gpio_speed.gpio_speed_h" configurationId="p610.gpio_drivecapacity"/>
      <configSetting altId="p610.gpio_mode.gpio_mode_peripheral" configurationId="p610.gpio_mode"/>
      <configSetting altId="p611.sdram.dq10" configurationId="p611"/>
      <configSetting altId="p611.gpio_speed.gpio_speed_h" configurationId="p611.gpio_drivecapacity"/>
      <configSetting altId="p611.gpio_mode.gpio_mode_peripheral" configurationId="p611.gpio_mode"/>
      <configSetting altId="p612.sdram.dq11" configurationId="p612"/>
      <configSetting altId="p612.gpio_speed.gpio_speed_h" configurationId="p612.gpio_drivecapacity"/>
      <configSetting altId="p612.gpio_mode.gpio_mode_peripheral" configurationId="p612.gpio_mode"/>
      <configSetting altId="p613.sdram.dq12" configurationId="p613"/>
      <configSetting altId="p613.gpio_speed.gpio_speed_h" configurationId="p613.gpio_drivecapacity"/>
      <configSetting altId="p613.gpio_mode.gpio_mode_peripheral" configurationId="p613.gpio_mode"/>
      <configSetting altId="p614.sdram.dq13" configurationId="p614"/>
      <configSetting altId="p614.gpio_speed.gpio_speed_h" configurationId="p614.gpio_drivecapacity"/>
      <configSetting altId="p614.gpio_mode.gpio_mode_peripheral" configurationId="p614.gpio_mode"/>
      <configSetting altId="p615.sdram.dq14" configurationId="p615"/>
      <configSetting altId="p615.gpio_speed.gpio_speed_h" configurationId="p615.gpio_drivecapacity"/>
      <configSetting altId="p615.gpio_mode.gpio_mode_peripheral" configurationId="p615.gpio_mode"/>
      <configSetting altId="p700.ether_rmii.rmii0_txd0" configurationId="p700"/>
      <configSetting altId="p700.gpio_speed.gpio_speed_h" configurationId="p700.gpio_drivecapacity"/>
      <configSetting altId="p700.gpio_mode.gpio_mode_peripheral" configurationId="p700.gpio_mode"/>
      <configSetting altId="p701.ether_rmii.ref50ck0" configurationId="p701"/>
      <configSetting altId="p701.gpio_speed.gpio_speed_h" configurationId="p701.gpio_drivecapacity"/>
      <configSetting altId="p701.gpio_mode.gpio_mode_peripheral" configurationId="p701.gpio_mode"/>
      <configSetting altId="p702.ether_rmii.rmii0_rxd0" configurationId="p702"/>
      <configSetting altId="p702.gpio_speed.gpio_speed_h" configurationId="p702.gpio_drivecapacity"/>
      <configSetting altId="p702.gpio_mode.gpio_mode_peripheral" configurationId="p702.gpio_mode"/>
      <configSetting altId="p703.ether_rmii.rmii0_rxd1" configurationId="p703"/>
      <configSetting altId="p703.gpio_speed.gpio_speed_h" configurationId="p703.gpio_drivecapacity"/>
      <configSetting altId="p703.gpio_mode.gpio_mode_peripheral" configurationId="p703.gpio_mode"/>
      <configSetting altId="p704.ether_rmii.rmii0_rx_er" configurationId="p704"/>
      <configSetting altId="p704.gpio_speed.gpio_speed_h" configurationId="p704.gpio_drivecapacity"/>
      <configSetting altId="p704.gpio_mode.gpio_mode_peripheral" configurationId="p704.gpio_mode"/>
      <configSetting altId="p705.ether_rmii.rmii0_crs_dv" configurationId="p705"/>
      <configSetting altId="p705.gpio_speed.gpio_speed_h" configurationId="p705.gpio_drivecapacity"/>
      <configSetting altId="p705.gpio_mode.gpio_mode_peripheral" configurationId="p705.gpio_mode"/>
      <configSetting altId="p800.ospi.om_sio5" configurationId="p800"/>
      <configSetting altId="p800.gpio_speed.gpio_speed_hh" configurationId="p800.gpio_drivecapacity"/>
      <configSetting altId="p800.gpio_mode.gpio_mode_peripheral" configurationId="p800.gpio_mode"/>
      <configSetting altId="p801.ospi.om_dqs" configurationId="p801"/>
      <configSetting altId="p801.gpio_speed.gpio_speed_hh" configurationId="p801.gpio_drivecapacity"/>
      <configSetting altId="p801.gpio_mode.gpio_mode_peripheral" configurationId="p801.gpio_mode"/>
      <configSetting altId="p802.ospi.om_sio6" configurationId="p802"/>
      <configSetting altId="p802.gpio_speed.gpio_speed_hh" configurationId="p802.gpio_drivecapacity"/>
      <configSetting altId="p802.gpio_mode.gpio_mode_peripheral" configurationId="p802.gpio_mode"/>
      <configSetting altId="p803.ospi.om_sio1" configurationId="p803"/>
      <configSetting altId="p803.gpio_speed.gpio_speed_hh" configurationId="p803.gpio_drivecapacity"/>
      <configSetting altId="p803.gpio_mode.gpio_mode_peripheral" configurationId="p803.gpio_mode"/>
      <configSetting altId="p804.ospi.om_sio7" configurationId="p804"/>
      <configSetting altId="p804.gpio_speed.gpio_speed_hh" configurationId="p804.gpio_drivecapacity"/>
      <configSetting altId="p804.gpio_mode.gpio_mode_peripheral" configurationId="p804.gpio_mode"/>
      <configSetting altId="p808.ospi.om_sclk" configurationId="p808"/>
      <configSetting altId="p808.gpio_speed.gpio_speed_hh" configurationId="p808.gpio_drivecapacity"/>
      <configSetting altId="p808.gpio_mode.gpio_mode_peripheral" configurationId="p808.gpio_mode"/>
      <configSetting altId="p809.ospi.om_sclkn" configurationId="p809"/>
      <configSetting altId="p809.gpio_speed.gpio_speed_hh" configurationId="p809.gpio_drivecapacity"/>
      <configSetting altId="p809.gpio_mode.gpio_mode_peripheral" configurationId="p809.gpio_mode"/>
      <configSetting altId="p810.sdhi1.sd1clk" configurationId="p810"/>
      <configSetting altId="p810.gpio_mode.gpio_mode_peripheral" configurationId="p810.gpio_mode"/>
      <configSetting altId="p811.sdhi1.sd1cmd" configurationId="p811"/>
      <configSetting altId="p811.gpio_mode.gpio_mode_peripheral" configurationId="p811.gpio_mode"/>
      <configSetting altId="p812.sdhi1.sd1dat0" configurationId="p812"/>
      <configSetting altId="p812.gpio_mode.gpio_mode_peripheral" configurationId="p812.gpio_mode"/>
      <configSetting altId="p813.sdram.dq20" configurationId="p813"/>
      <configSetting altId="p813.gpio_speed.gpio_speed_h" configurationId="p813.gpio_drivecapacity"/>
      <configSetting altId="p813.gpio_mode.gpio_mode_peripheral" configurationId="p813.gpio_mode"/>
      <configSetting altId="p908.sdram.ras" configurationId="p908"/>
      <configSetting altId="p908.gpio_speed.gpio_speed_h" configurationId="p908.gpio_drivecapacity"/>
      <configSetting altId="p908.gpio_mode.gpio_mode_peripheral" configurationId="p908.gpio_mode"/>
      <configSetting altId="p909.sdram.cas" configurationId="p909"/>
      <configSetting altId="p909.gpio_speed.gpio_speed_h" configurationId="p909.gpio_drivecapacity"/>
      <configSetting altId="p909.gpio_mode.gpio_mode_peripheral" configurationId="p909.gpio_mode"/>
      <configSetting altId="pa00.sdram.dq7" configurationId="pa00"/>
      <configSetting altId="pa00.gpio_speed.gpio_speed_h" configurationId="pa00.gpio_drivecapacity"/>
      <configSetting altId="pa00.gpio_mode.gpio_mode_peripheral" configurationId="pa00.gpio_mode"/>
      <configSetting altId="pa01.output.high" configurationId="pa01"/>
      <configSetting altId="pa01.gpio_mode.gpio_mode_out.high" configurationId="pa01.gpio_mode"/>
      <configSetting altId="pa02.sdram.dq26" configurationId="pa02"/>
      <configSetting altId="pa02.gpio_speed.gpio_speed_h" configurationId="pa02.gpio_drivecapacity"/>
      <configSetting altId="pa02.gpio_mode.gpio_mode_peripheral" configurationId="pa02.gpio_mode"/>
      <configSetting altId="pa03.sdram.dq25" configurationId="pa03"/>
      <configSetting altId="pa03.gpio_speed.gpio_speed_h" configurationId="pa03.gpio_drivecapacity"/>
      <configSetting altId="pa03.gpio_mode.gpio_mode_peripheral" configurationId="pa03.gpio_mode"/>
      <configSetting altId="pa04.sdram.dq24" configurationId="pa04"/>
      <configSetting altId="pa04.gpio_speed.gpio_speed_h" configurationId="pa04.gpio_drivecapacity"/>
      <configSetting altId="pa04.gpio_mode.gpio_mode_peripheral" configurationId="pa04.gpio_mode"/>
      <configSetting altId="pa05.sdram.dq23" configurationId="pa05"/>
      <configSetting altId="pa05.gpio_speed.gpio_speed_h" configurationId="pa05.gpio_drivecapacity"/>
      <configSetting altId="pa05.gpio_mode.gpio_mode_peripheral" configurationId="pa05.gpio_mode"/>
      <configSetting altId="pa06.sdram.dq22" configurationId="pa06"/>
      <configSetting altId="pa06.gpio_speed.gpio_speed_h" configurationId="pa06.gpio_drivecapacity"/>
      <configSetting altId="pa06.gpio_mode.gpio_mode_peripheral" configurationId="pa06.gpio_mode"/>
      <configSetting altId="pa07.sdram.dq21" configurationId="pa07"/>
      <configSetting altId="pa07.gpio_speed.gpio_speed_h" configurationId="pa07.gpio_drivecapacity"/>
      <configSetting altId="pa07.gpio_mode.gpio_mode_peripheral" configurationId="pa07.gpio_mode"/>
      <configSetting altId="pa08.sdram.dq15" configurationId="pa08"/>
      <configSetting altId="pa08.gpio_speed.gpio_speed_h" configurationId="pa08.gpio_drivecapacity"/>
      <configSetting altId="pa08.gpio_mode.gpio_mode_peripheral" configurationId="pa08.gpio_mode"/>
      <configSetting altId="pa09.sdram.sdclk" configurationId="pa09"/>
      <configSetting altId="pa09.gpio_speed.gpio_speed_hh" configurationId="pa09.gpio_drivecapacity"/>
      <configSetting altId="pa09.gpio_mode.gpio_mode_peripheral" configurationId="pa09.gpio_mode"/>
      <configSetting altId="pa10.sdram.dqm0" configurationId="pa10"/>
      <configSetting altId="pa10.gpio_speed.gpio_speed_h" configurationId="pa10.gpio_drivecapacity"/>
      <configSetting altId="pa10.gpio_mode.gpio_mode_peripheral" configurationId="pa10.gpio_mode"/>
      <configSetting altId="pa11.sdram.dqm2" configurationId="pa11"/>
      <configSetting altId="pa11.gpio_speed.gpio_speed_h" configurationId="pa11.gpio_drivecapacity"/>
      <configSetting altId="pa11.gpio_mode.gpio_mode_peripheral" configurationId="pa11.gpio_mode"/>
      <configSetting altId="pa12.sdram.dq16" configurationId="pa12"/>
      <configSetting altId="pa12.gpio_speed.gpio_speed_h" configurationId="pa12.gpio_drivecapacity"/>
      <configSetting altId="pa12.gpio_mode.gpio_mode_peripheral" configurationId="pa12.gpio_mode"/>
      <configSetting altId="pa13.sdram.dq17" configurationId="pa13"/>
      <configSetting altId="pa13.gpio_speed.gpio_speed_h" configurationId="pa13.gpio_drivecapacity"/>
      <configSetting altId="pa13.gpio_mode.gpio_mode_peripheral" configurationId="pa13.gpio_mode"/>
      <configSetting altId="pa14.sdram.dq18" configurationId="pa14"/>
      <configSetting altId="pa14.gpio_speed.gpio_speed_h" configurationId="pa14.gpio_drivecapacity"/>
      <configSetting altId="pa14.gpio_mode.gpio_mode_peripheral" configurationId="pa14.gpio_mode"/>
      <configSetting altId="pa15.sdram.dq19" configurationId="pa15"/>
      <configSetting altId="pa15.gpio_speed.gpio_speed_h" configurationId="pa15.gpio_drivecapacity"/>
      <configSetting altId="pa15.gpio_mode.gpio_mode_peripheral" configurationId="pa15.gpio_mode"/>
      <configSetting altId="pb01.usbhs.usbhs_vbus" configurationId="pb01"/>
      <configSetting altId="pb01.gpio_mode.gpio_mode_peripheral" configurationId="pb01.gpio_mode"/>
      <configSetting altId="sci3.mode.asynchronousuart.free" configurationId="sci3.mode"/>
      <configSetting altId="sci3.rxd3.p408" configurationId="sci3.rxd3"/>
      <configSetting altId="sci3.txd3.p409" configurationId="sci3.txd3"/>
      <configSetting altId="sdhi1.mode.custom.free" configurationId="sdhi1.mode"/>
      <configSetting altId="sdhi1.sd1cd.p503" configurationId="sdhi1.sd1cd"/>
      <configSetting altId="sdhi1.sd1clk.p810" configurationId="sdhi1.sd1clk"/>
      <configSetting altId="sdhi1.sd1cmd.p811" configurationId="sdhi1.sd1cmd"/>
      <configSetting altId="sdhi1.sd1dat0.p812" configurationId="sdhi1.sd1dat0"/>
      <configSetting altId="sdhi1.sd1dat1.p500" configurationId="sdhi1.sd1dat1"/>
      <configSetting altId="sdhi1.sd1dat2.p501" configurationId="sdhi1.sd1dat2"/>
      <configSetting altId="sdhi1.sd1dat3.p502" configurationId="sdhi1.sd1dat3"/>
      <configSetting altId="sdram.a10.p309" configurationId="sdram.a10"/>
      <configSetting altId="sdram.a11.p310" configurationId="sdram.a11"/>
      <configSetting altId="sdram.a12.p311" configurationId="sdram.a12"/>
      <configSetting altId="sdram.a13.p312" configurationId="sdram.a13"/>
      <configSetting altId="sdram.a2.p301" configurationId="sdram.a2"/>
      <configSetting altId="sdram.a3.p302" configurationId="sdram.a3"/>
      <configSetting altId="sdram.a4.p303" configurationId="sdram.a4"/>
      <configSetting altId="sdram.a5.p304" configurationId="sdram.a5"/>
      <configSetting altId="sdram.a6.p305" configurationId="sdram.a6"/>
      <configSetting altId="sdram.a7.p306" configurationId="sdram.a7"/>
      <configSetting altId="sdram.a8.p307" configurationId="sdram.a8"/>
      <configSetting altId="sdram.a9.p308" configurationId="sdram.a9"/>
      <configSetting altId="sdram.cas.p909" configurationId="sdram.cas"/>
      <configSetting altId="sdram.cke.p113" configurationId="sdram.cke"/>
      <configSetting altId="sdram.dq0.p601" configurationId="sdram.dq0"/>
      <configSetting altId="sdram.dq1.p602" configurationId="sdram.dq1"/>
      <configSetting altId="sdram.dq10.p611" configurationId="sdram.dq10"/>
      <configSetting altId="sdram.dq11.p612" configurationId="sdram.dq11"/>
      <configSetting altId="sdram.dq12.p613" configurationId="sdram.dq12"/>
      <configSetting altId="sdram.dq13.p614" configurationId="sdram.dq13"/>
      <configSetting altId="sdram.dq14.p615" configurationId="sdram.dq14"/>
      <configSetting altId="sdram.dq15.pa08" configurationId="sdram.dq15"/>
      <configSetting altId="sdram.dq16.pa12" configurationId="sdram.dq16"/>
      <configSetting altId="sdram.dq17.pa13" configurationId="sdram.dq17"/>
      <configSetting altId="sdram.dq18.pa14" configurationId="sdram.dq18"/>
      <configSetting altId="sdram.dq19.pa15" configurationId="sdram.dq19"/>
      <configSetting altId="sdram.dq2.p603" configurationId="sdram.dq2"/>
      <configSetting altId="sdram.dq20.p813" configurationId="sdram.dq20"/>
      <configSetting altId="sdram.dq21.pa07" configurationId="sdram.dq21"/>
      <configSetting altId="sdram.dq22.pa06" configurationId="sdram.dq22"/>
      <configSetting altId="sdram.dq23.pa05" configurationId="sdram.dq23"/>
      <configSetting altId="sdram.dq24.pa04" configurationId="sdram.dq24"/>
      <configSetting altId="sdram.dq25.pa03" configurationId="sdram.dq25"/>
      <configSetting altId="sdram.dq26.pa02" configurationId="sdram.dq26"/>
      <configSetting altId="sdram.dq27.p505" configurationId="sdram.dq27"/>
      <configSetting altId="sdram.dq28.p506" configurationId="sdram.dq28"/>
      <configSetting altId="sdram.dq29.p507" configurationId="sdram.dq29"/>
      <configSetting altId="sdram.dq3.p604" configurationId="sdram.dq3"/>
      <configSetting altId="sdram.dq30.p508" configurationId="sdram.dq30"/>
      <configSetting altId="sdram.dq31.p509" configurationId="sdram.dq31"/>
      <configSetting altId="sdram.dq4.p605" configurationId="sdram.dq4"/>
      <configSetting altId="sdram.dq5.p606" configurationId="sdram.dq5"/>
      <configSetting altId="sdram.dq6.p607" configurationId="sdram.dq6"/>
      <configSetting altId="sdram.dq7.pa00" configurationId="sdram.dq7"/>
      <configSetting altId="sdram.dq8.p609" configurationId="sdram.dq8"/>
      <configSetting altId="sdram.dq9.p610" configurationId="sdram.dq9"/>
      <configSetting altId="sdram.dqm0.pa10" configurationId="sdram.dqm0"/>
      <configSetting altId="sdram.dqm1.p112" configurationId="sdram.dqm1"/>
      <configSetting altId="sdram.dqm2.pa11" configurationId="sdram.dqm2"/>
      <configSetting altId="sdram.dqm3.p300" configurationId="sdram.dqm3"/>
      <configSetting altId="sdram.mode.custom.free" configurationId="sdram.mode"/>
      <configSetting altId="sdram.ras.p908" configurationId="sdram.ras"/>
      <configSetting altId="sdram.sdclk.pa09" configurationId="sdram.sdclk"/>
      <configSetting altId="sdram.sdcs.p115" configurationId="sdram.sdcs"/>
      <configSetting altId="sdram.we.p114" configurationId="sdram.we"/>
      <configSetting altId="system.mode.custom.free" configurationId="system.mode"/>
      <configSetting altId="usbhs.mode.custom.free" configurationId="usbhs.mode"/>
      <configSetting altId="usbhs.usbhs_vbus.pb01" configurationId="usbhs.usbhs_vbus"/>
    </pincfg>
    <pincfg active="false" name="R7FA8D1BHECBD.pincfg" selected="false" symbol="">
      <configSetting altId="jtag_fslash_swd.mode.jtag.free" configurationId="jtag_fslash_swd.mode"/>
      <configSetting altId="jtag_fslash_swd.tck.p211" configurationId="jtag_fslash_swd.tck"/>
      <configSetting altId="jtag_fslash_swd.tdi.p208" configurationId="jtag_fslash_swd.tdi"/>
      <configSetting altId="jtag_fslash_swd.tdo.p209" configurationId="jtag_fslash_swd.tdo"/>
      <configSetting altId="jtag_fslash_swd.tms.p210" configurationId="jtag_fslash_swd.tms"/>
      <configSetting altId="p208.jtag_fslash_swd.tdi" configurationId="p208"/>
      <configSetting altId="p208.gpio_mode.gpio_mode_peripheral" configurationId="p208.gpio_mode"/>
      <configSetting altId="p209.jtag_fslash_swd.tdo" configurationId="p209"/>
      <configSetting altId="p209.gpio_mode.gpio_mode_peripheral" configurationId="p209.gpio_mode"/>
      <configSetting altId="p210.jtag_fslash_swd.tms" configurationId="p210"/>
      <configSetting altId="p210.gpio_mode.gpio_mode_peripheral" configurationId="p210.gpio_mode"/>
      <configSetting altId="p211.jtag_fslash_swd.tck" configurationId="p211"/>
      <configSetting altId="p211.gpio_mode.gpio_mode_peripheral" configurationId="p211.gpio_mode"/>
    </pincfg>
  </raPinConfiguration>
</raConfiguration>
