<?xml version="1.0" encoding="UTF-8" standalone="no"?>
<project>
	<configuration id="com.renesas.cdt.managedbuild.llvm.arm.configuration.debug.457767107" name="Debug">
		<extension point="org.eclipse.cdt.core.LanguageSettingsProvider">
			<provider copy-of="extension" id="org.eclipse.cdt.ui.UserLanguageSettingsProvider"/>
			<provider class="org.eclipse.cdt.managedbuilder.language.settings.providers.GCCBuiltinSpecsDetector" console="false" env-hash="-794072938815801389" id="com.renesas.cdt.managedbuild.llvm.arm.languageprovider" keep-relative-paths="false" name="LLVM ARM Toolchain Builtin Language Settings" parameter="${COMMAND} ${toolchain_flags} ${FLAGS} -E -P -v -dD &quot;${INPUTS}&quot;" prefer-non-shared="true">
				<language-scope id="org.eclipse.cdt.core.gcc"/>
				<language-scope id="org.eclipse.cdt.core.g++"/>
			</provider>
			<provider-reference id="org.eclipse.cdt.managedbuilder.core.MBSLanguageSettingsProvider" ref="shared-provider"/>
		</extension>
	</configuration>
	<configuration id="com.renesas.cdt.managedbuild.llvm.arm.configuration.release.577377251" name="Release">
		<extension point="org.eclipse.cdt.core.LanguageSettingsProvider">
			<provider copy-of="extension" id="org.eclipse.cdt.ui.UserLanguageSettingsProvider"/>
			<provider class="org.eclipse.cdt.managedbuilder.language.settings.providers.GCCBuiltinSpecsDetector" console="false" env-hash="-794072938815801389" id="com.renesas.cdt.managedbuild.llvm.arm.languageprovider" keep-relative-paths="false" name="LLVM ARM Toolchain Builtin Language Settings" parameter="${COMMAND} ${toolchain_flags} ${FLAGS} -E -P -v -dD &quot;${INPUTS}&quot;" prefer-non-shared="true">
				<language-scope id="org.eclipse.cdt.core.gcc"/>
				<language-scope id="org.eclipse.cdt.core.g++"/>
			</provider>
			<provider-reference id="org.eclipse.cdt.managedbuilder.core.MBSLanguageSettingsProvider" ref="shared-provider"/>
		</extension>
	</configuration>
</project>