<?xml version="1.0" encoding="UTF-8" standalone="no"?>
<raConfiguration version="12">
  <generalSettings>
    <option key="#Board#" value="board.ra8d1_cpkcor"/>
    <option key="CPU" value="RA8D1"/>
    <option key="Core" value="CM85"/>
    <option key="#TargetName#" value="R7FA8D1BHECBD"/>
    <option key="#TargetARCHITECTURE#" value="cortex-m85"/>
    <option key="#DeviceCommand#" value="R7FA8D1BH"/>
    <option key="#RTOS#" value="_none"/>
    <option key="#pinconfiguration#" value="R7FA8D1BHECBD.pincfg"/>
    <option key="#FSPVersion#" value="6.2.0"/>
    <option key="#ConfigurationFragments#" value="Renesas##BSP##Board##ra8d1_cpkcor##"/>
    <option key="#SELECTED_TOOLCHAIN#" value="clang_arm"/>
    <option key="#ToolchainVersion#" value="18.1.3"/>
  </generalSettings>
  <raBspConfiguration>
    <config id="config.bsp.ra8d1.R7FA8D1BHECBD">
      <property id="config.bsp.part_number" value="config.bsp.part_number.value"/>
      <property id="config.bsp.rom_size_bytes" value="config.bsp.rom_size_bytes.value"/>
      <property id="config.bsp.rom_size_bytes_hidden" value="config.bsp.rom_size_bytes_hidden.value"/>
      <property id="config.bsp.ram_size_bytes" value="config.bsp.ram_size_bytes.value"/>
      <property id="config.bsp.data_flash_size_bytes" value="config.bsp.data_flash_size_bytes.value"/>
      <property id="config.bsp.package_style" value="config.bsp.package_style.value"/>
      <property id="config.bsp.package_pins" value="config.bsp.package_pins.value"/>
      <property id="config.bsp.ospi0_cs0_start_address" value="config.bsp.ospi0_cs0_start_address.value"/>
      <property id="config.bsp.ospi0_cs0_size_bytes" value="config.bsp.ospi0_cs0_size_bytes.value"/>
      <property id="config.bsp.ospi0_cs1_start_address" value="config.bsp.ospi0_cs1_start_address.value"/>
      <property id="config.bsp.ospi0_cs1_size_bytes" value="config.bsp.ospi0_cs1_size_bytes.value"/>
      <property id="config.bsp.number_of_cores" value="1"/>
      <property id="config.bsp.irq_count_hidden" value="96"/>
    </config>
    <config id="config.bsp.ra8d1">
      <property id="config.bsp.series" value="config.bsp.series.value"/>
    </config>
    <config id="config.bsp.ra8d1.fsp">
      <property id="config.bsp.fsp.inline_irq_functions" value="config.bsp.common.inline_irq_functions.enabled"/>
      <property id="config.bsp.fsp.sdram.enabled" value="config.bsp.fsp.sdram.enabled.disabled"/>
      <property id="config.bsp.fsp.sdram.tras" value="config.bsp.fsp.sdram.tras.6"/>
      <property id="config.bsp.fsp.sdram.trcd" value="config.bsp.fsp.sdram.trcd.3"/>
      <property id="config.bsp.fsp.sdram.trp" value="config.bsp.fsp.sdram.trp.3"/>
      <property id="config.bsp.fsp.sdram.twr" value="config.bsp.fsp.sdram.twr.2"/>
      <property id="config.bsp.fsp.sdram.tcl" value="config.bsp.fsp.sdram.tcl.3"/>
      <property id="config.bsp.fsp.sdram.trfc" value="937"/>
      <property id="config.bsp.fsp.sdram.trefw" value="config.bsp.fsp.sdram.trefw.8"/>
      <property id="config.bsp.fsp.sdram.arfi" value="config.bsp.fsp.sdram.arfi.10"/>
      <property id="config.bsp.fsp.sdram.arfc" value="config.bsp.fsp.sdram.arfc.8"/>
      <property id="config.bsp.fsp.sdram.prc" value="config.bsp.fsp.sdram.prc.3"/>
      <property id="config.bsp.fsp.sdram.addr_shift" value="config.bsp.fsp.sdram.addr_shift.9"/>
      <property id="config.bsp.fsp.sdram.endian_mode" value="config.bsp.fsp.sdram.endian_mode.little"/>
      <property id="config.bsp.fsp.sdram.continuous_access_mode" value="config.bsp.fsp.sdram.continuous_access_mode.enabled"/>
      <property id="config.bsp.fsp.sdram.bus_width" value="config.bsp.fsp.sdram.bus_width.16"/>
      <property id="config.bsp.fsp.ospi_b_startup" value="config.bsp.fsp.ospi_b_startup.disabled"/>
      <property id="config.bsp.fsp.tz.exception_response" value="config.bsp.fsp.tz.exception_response.nmi"/>
      <property id="config.bsp.fsp.tz.cmsis.bfhfnmins" value="config.bsp.fsp.tz.cmsis.bfhfnmins.secure"/>
      <property id="config.bsp.fsp.tz.cmsis.sysresetreqs" value="config.bsp.fsp.tz.cmsis.sysresetreqs.secure_only"/>
      <property id="config.bsp.fsp.tz.cmsis.s_priority_boost" value="config.bsp.fsp.tz.cmsis.s_priority_boost.disabled"/>
      <property id="config.bsp.fsp.tz.rstsar" value="config.bsp.fsp.tz.rstsar.both"/>
      <property id="config.bsp.fsp.tz.bbfsar" value="config.bsp.fsp.tz.bbfsar.both"/>
      <property id="config.bsp.fsp.tz.sramsar.sramsa0" value="config.bsp.fsp.tz.sramsar.sramsa0.both"/>
      <property id="config.bsp.fsp.tz.sramsar.sramsa1" value="config.bsp.fsp.tz.sramsar.sramsa1.both"/>
      <property id="config.bsp.fsp.tz.sramsar.stbramsa" value="config.bsp.fsp.tz.sramsar.stbramsa.both"/>
      <property id="config.bsp.fsp.tz.bussara" value="config.bsp.fsp.tz.bussara.both"/>
      <property id="config.bsp.fsp.tz.bussarb" value="config.bsp.fsp.tz.bussarb.both"/>
      <property id="config.bsp.fsp.tz.bussarc" value="config.bsp.fsp.tz.bussarc.both"/>
      <property id="config.bsp.fsp.tz.pgcsar" value="config.bsp.fsp.tz.pgcsar.secure_only"/>
      <property id="config.bsp.fsp.tz.uninitialized_ns_application_fallback" value="config.bsp.fsp.tz.uninitialized_ns_application_fallback.enabled"/>
      <property id="config.bsp.fsp.hoco_fll" value="config.bsp.fsp.hoco_fll.disabled"/>
      <property id="config.bsp.fsp.clock_settling_delay" value="config.bsp.fsp.clock_settling_delay.enabled"/>
      <property id="config.bsp.fsp.sleep_mode_delays" value="config.bsp.fsp.sleep_mode_delays.enabled"/>
      <property id="config.bsp.fsp.rtos_idle_sleep" value="config.bsp.fsp.rtos_idle_sleep.disabled"/>
      <property id="config.bsp.fsp.mstp_change_delays" value="config.bsp.fsp.mstp_change_delays.enabled"/>
      <property id="config.bsp.fsp.settling_delay_us" value="150"/>
      <property id="config.bsp.common.main_osc_wait" value="config.bsp.common.main_osc_wait.wait_8163"/>
      <property id="config.bsp.fsp.mcu.adc.max_freq_hz" value="60000000"/>
      <property id="config.bsp.fsp.mcu.sci_b_uart.max_baud" value="30000000"/>
      <property id="config.bsp.fsp.mcu.sci_b_uart.ctspen_channels" value="0x021F"/>
      <property id="config.bsp.fsp.mcu.adc.sample_and_hold" value="1"/>
      <property id="config.bsp.fsp.mcu.adc.sensors_are_exclusive" value="0"/>
      <property id="config.bsp.fsp.mcu.sci_spi.max_bitrate" value="30000000"/>
      <property id="config.bsp.fsp.mcu.spi.max_bitrate" value="60000000"/>
      <property id="config.bsp.fsp.mcu.iic_master.rate.rate_fastplus" value="1"/>
      <property id="config.bsp.fsp.mcu.iic_master.fastplus_channels" value="0x3"/>
      <property id="config.bsp.fsp.mcu.iic_slave.rate.rate_fastplus" value="1"/>
      <property id="config.bsp.fsp.mcu.iic_slave.fastplus_channels" value="0x3"/>
      <property id="config.bsp.fsp.mcu.gpt.pin_count_source_channels" value="0xFF0F"/>
      <property id="config.bsp.fsp.mcu.canfd.num_channels" value="2"/>
      <property id="config.bsp.fsp.mcu.canfd.rx_fifos" value="2"/>
      <property id="config.bsp.fsp.mcu.canfd.buffer_ram" value="1216"/>
      <property id="config.bsp.fsp.mcu.canfd.afl_rules" value="32"/>
      <property id="config.bsp.fsp.mcu.canfd.afl_rules_each_chnl" value=" 16"/>
      <property id="config.bsp.fsp.mcu.canfd.max_data_rate_hz" value="8"/>
      <property id="config.bsp.fsp.mcu.adc_dmac.samples_per_channel" value="32767"/>
      <property id="config.bsp.fsp.mcu.sci_b_lin.max_baud" value="7500000"/>
      <property id="config.bsp.fsp.mcu.ospi_b.spi_dspi_qspi_mode_max_freq_hz" value="100000000"/>
      <property id="config.bsp.fsp.dcache" value="config.bsp.fsp.dcache.enabled"/>
      <property id="config.bsp.fsp.mscr.forcewt" value="config.bsp.fsp.mscr.forcewt.enabled"/>
      <property id="config.bsp.fsp.mcu.rtc.err_adjustment_value.max_value" value="63"/>
      <property id="config.bsp.fsp.ioport.voltage_mode.vcc" value="config.bsp.fsp.ioport.voltage_mode.vcc.high"/>
      <property id="config.bsp.fsp.ioport.voltage_mode.vcc2" value="config.bsp.fsp.ioport.voltage_mode.vcc2.high"/>
    </config>
    <config id="config.bsp.ra8d1.linker">
      <property id="config.bsp.option_setting.ofs0" value="config.bsp.option_setting.ofs0.enabled"/>
      <property id="config.bsp.option_setting.ofs0.iwdt_start_mode" value="config.bsp.option_setting.ofs0.iwdt_start_mode.disabled"/>
      <property id="config.bsp.option_setting.ofs0.iwdt_timeout" value="config.bsp.option_setting.ofs0.iwdt_timeout.2048"/>
      <property id="config.bsp.option_setting.ofs0.iwdt_divisor" value="config.bsp.option_setting.ofs0.iwdt_divisor.128"/>
      <property id="config.bsp.option_setting.ofs0.iwdt_window_end" value="config.bsp.option_setting.ofs0.iwdt_window_end.0"/>
      <property id="config.bsp.option_setting.ofs0.iwdt_window_start" value="config.bsp.option_setting.ofs0.iwdt_window_start.100"/>
      <property id="config.bsp.option_setting.ofs0.iwdt_reset_interrupt" value="config.bsp.option_setting.ofs0.iwdt_reset_interrupt.Reset"/>
      <property id="config.bsp.option_setting.ofs0.iwdt_stop_control" value="config.bsp.option_setting.ofs0.iwdt_stop_control.stops"/>
      <property id="config.bsp.option_setting.ofs0.wdt_start_mode" value="config.bsp.option_setting.ofs0.wdt_start_mode.register"/>
      <property id="config.bsp.option_setting.ofs0.wdt_timeout" value="config.bsp.option_setting.ofs0.wdt_timeout.16384"/>
      <property id="config.bsp.option_setting.ofs0.wdt_divisor" value="config.bsp.option_setting.ofs0.wdt_divisor.128"/>
      <property id="config.bsp.option_setting.ofs0.wdt_window_end" value="config.bsp.option_setting.ofs0.wdt_window_end.0"/>
      <property id="config.bsp.option_setting.ofs0.wdt_window_start" value="config.bsp.option_setting.ofs0.wdt_window_start.100"/>
      <property id="config.bsp.option_setting.ofs0.wdt_reset_interrupt" value="config.bsp.option_setting.ofs0.wdt_reset_interrupt.Reset"/>
      <property id="config.bsp.option_setting.ofs0.wdt_stop_control" value="config.bsp.option_setting.ofs0.wdt_stop_control.stops"/>
      <property id="config.bsp.option_setting.ofs2" value="config.bsp.option_setting.ofs2.enabled"/>
      <property id="config.bsp.option_setting.ofs2.dcdc" value="config.bsp.option_setting.ofs2.dcdc.enabled"/>
      <property id="config.bsp.option_setting.dualsel" value="config.bsp.option_setting.dualsel.disabled"/>
      <property id="config.bsp.option_setting.dualsel.mode" value="config.bsp.option_setting.dualsel.mode.linear"/>
      <property id="config.bsp.option_setting.ofs1" value="config.bsp.option_setting.ofs1.disabled"/>
      <property id="config.bsp.option_setting.ofs1.voltage_detection0.start" value="config.bsp.option_setting.ofs1.voltage_detection0.start.disabled"/>
      <property id="config.bsp.option_setting.ofs1.voltage_detection0_level" value="config.bsp.option_setting.ofs1.voltage_detection0_level.160"/>
      <property id="config.bsp.option_setting.ofs1.hoco_osc" value="config.bsp.option_setting.ofs1.hoco_osc.disabled"/>
      <property id="config.bsp.option_setting.ofs1.voltage_detection0.low_power_consumption" value="config.bsp.option_setting.ofs1.voltage_detection0.low_power_consumption.disabled"/>
      <property id="config.bsp.option_setting.ofs1.swdbg" value="config.bsp.option_setting.ofs1.swdbg.disabled"/>
      <property id="config.bsp.option_setting.ofs1.initeccen" value="config.bsp.option_setting.ofs1.initeccen.disabled"/>
      <property id="config.bsp.option_setting.banksel" value="config.bsp.option_setting.banksel.disabled"/>
      <property id="config.bsp.option_setting.banksel.bankswap" value="config.bsp.option_setting.banksel.bankswap.disabled"/>
      <property id="config.bsp.option_setting.banksel.blockswap" value="config.bsp.option_setting.banksel.blockswap.disabled"/>
      <property id="config.bsp.option_setting.bps" value="config.bsp.option_setting.bps.disabled"/>
      <property id="config.bsp.option_setting.bps.0" value=""/>
      <property id="config.bsp.option_setting.bps.1" value=""/>
      <property id="config.bsp.option_setting.bps.2" value=""/>
      <property id="config.bsp.option_setting.bps.3" value=""/>
      <property id="config.bsp.option_setting.pbps" value="config.bsp.option_setting.pbps.disabled"/>
      <property id="config.bsp.option_setting.pbps.0" value=""/>
      <property id="config.bsp.option_setting.pbps.1" value=""/>
      <property id="config.bsp.option_setting.pbps.2" value=""/>
      <property id="config.bsp.option_setting.pbps.3" value=""/>
      <property id="config.bsp.option_setting.ofs1_sec" value="config.bsp.option_setting.ofs1_sec.enabled"/>
      <property id="config.bsp.option_setting.ofs1_sec.voltage_detection0.start" value="config.bsp.option_setting.ofs1_sec.voltage_detection0.start.disabled"/>
      <property id="config.bsp.option_setting.ofs1_sec.voltage_detection0_level" value="config.bsp.option_setting.ofs1_sec.voltage_detection0_level.160"/>
      <property id="config.bsp.option_setting.ofs1_sec.hoco_osc" value="config.bsp.option_setting.ofs1_sec.hoco_osc.disabled"/>
      <property id="config.bsp.option_setting.ofs1_sec.voltage_detection0.low_power_consumption" value="config.bsp.option_setting.ofs1_sec.voltage_detection0.low_power_consumption.disabled"/>
      <property id="config.bsp.option_setting.ofs1_sec.swdbg" value="config.bsp.option_setting.ofs1_sec.swdbg.disabled"/>
      <property id="config.bsp.option_setting.ofs1_sec.initeccen" value="config.bsp.option_setting.ofs1_sec.initeccen.disabled"/>
      <property id="config.bsp.option_setting.banksel_sec" value="config.bsp.option_setting.banksel_sec.disabled"/>
      <property id="config.bsp.option_setting.banksel_sec.bankswap" value="config.bsp.option_setting.banksel_sec.bankswap.disabled"/>
      <property id="config.bsp.option_setting.banksel_sec.blockswap" value="config.bsp.option_setting.banksel_sec.blockswap.disabled"/>
      <property id="config.bsp.option_setting.bps_sec" value="config.bsp.option_setting.bps_sec.disabled"/>
      <property id="config.bsp.option_setting.bps_sec.0" value=""/>
      <property id="config.bsp.option_setting.bps_sec.1" value=""/>
      <property id="config.bsp.option_setting.bps_sec.2" value=""/>
      <property id="config.bsp.option_setting.bps_sec.3" value=""/>
      <property id="config.bsp.option_setting.pbps_sec" value="config.bsp.option_setting.pbps_sec.disabled"/>
      <property id="config.bsp.option_setting.pbps_sec.0" value=""/>
      <property id="config.bsp.option_setting.pbps_sec.1" value=""/>
      <property id="config.bsp.option_setting.pbps_sec.2" value=""/>
      <property id="config.bsp.option_setting.pbps_sec.3" value=""/>
      <property id="config.bsp.option_setting.ofs1_sel" value="config.bsp.option_setting.ofs1_sel.enabled"/>
      <property id="config.bsp.option_setting.ofs1_sel.voltage_detection0_level" value="config.bsp.option_setting.ofs1_sel.voltage_detection0_level.secure"/>
      <property id="config.bsp.option_setting.ofs1_sel.voltage_detection0.start" value="config.bsp.option_setting.ofs1_sel.voltage_detection0.start.secure"/>
      <property id="config.bsp.option_setting.ofs1_sel.voltage_detection0.low_power_consumption" value="config.bsp.option_setting.ofs1_sel.voltage_detection0.low_power_consumption.secure"/>
      <property id="config.bsp.option_setting.ofs1_sel.swdbg" value="config.bsp.option_setting.ofs1_sel.swdbg.secure"/>
      <property id="config.bsp.option_setting.ofs1_sel.initeccen" value="config.bsp.option_setting.ofs1_sel.initeccen.secure"/>
      <property id="config.bsp.option_setting.banksel_sel" value="config.bsp.option_setting.banksel_sel.disabled"/>
      <property id="config.bsp.option_setting.banksel_sel.mode" value="config.bsp.option_setting.banksel_sel.mode.both"/>
      <property id="config.bsp.option_setting.bps_sel" value="config.bsp.option_setting.bps_sel.disabled"/>
      <property id="config.bsp.option_setting.bps_sel.0" value=""/>
      <property id="config.bsp.option_setting.bps_sel.1" value=""/>
      <property id="config.bsp.option_setting.bps_sel.2" value=""/>
      <property id="config.bsp.option_setting.bps_sel.3" value=""/>
      <property id="config.bsp.option_setting_data_flash.fsblctrl0" value="config.bsp.option_setting_data_flash.fsblctrl0.disabled"/>
      <property id="config.bsp.option_setting_data_flash.fsblctrl0.FSBLEN" value="config.bsp.option_setting_data_flash.fsblctrl0.FSBLEN.disabled"/>
      <property id="config.bsp.option_setting_data_flash.fsblctrl0.FSBLSKIPSW" value="config.bsp.option_setting_data_flash.fsblctrl0.FSBLSKIPSW.disabled"/>
      <property id="config.bsp.option_setting_data_flash.fsblctrl0.FSBLSKIPDS" value="config.bsp.option_setting_data_flash.fsblctrl0.FSBLSKIPDS.disabled"/>
      <property id="config.bsp.option_setting_data_flash.fsblctrl0.FSBLCLK" value="config.bsp.option_setting_data_flash.fsblctrl0.FSBLCLK.7"/>
      <property id="config.bsp.option_setting_data_flash.fsblctrl1" value="config.bsp.option_setting_data_flash.fsblctrl1.disabled"/>
      <property id="config.bsp.option_setting_data_flash.fsblctrl1.FSBLEXMD" value="config.bsp.option_setting_data_flash.fsblctrl1.FSBLEXMD.secure_report"/>
      <property id="config.bsp.option_setting_data_flash.fsblctrl2" value="config.bsp.option_setting_data_flash.fsblctrl2.disabled"/>
      <property id="config.bsp.option_setting_data_flash.fsblctrl2.PORTPN" value="config.bsp.option_setting_data_flash.fsblctrl2.PORTPN.15"/>
      <property id="config.bsp.option_setting_data_flash.fsblctrl2.PORTGN" value="config.bsp.option_setting_data_flash.fsblctrl2.PORTGN.reserved"/>
      <property id="config.bsp.option_setting_data_flash.sacc0" value="config.bsp.option_setting_data_flash.sacc0.disabled"/>
      <property id="config.bsp.option_setting_data_flash.sacc0.address" value="0xFFFFFFFF"/>
      <property id="config.bsp.option_setting_data_flash.sacc1" value="config.bsp.option_setting_data_flash.sacc1.disabled"/>
      <property id="config.bsp.option_setting_data_flash.sacc1.address" value="0xFFFFFFFF"/>
      <property id="config.bsp.option_setting_data_flash.samr" value="config.bsp.option_setting_data_flash.samr.disabled"/>
      <property id="config.bsp.option_setting_data_flash.samr.address" value="0xFFFFFFFF"/>
    </config>
    <config id="config.bsp.ra">
      <property id="config.bsp.common.main" value="0x400"/>
      <property id="config.bsp.common.heap" value="0"/>
      <property id="config.bsp.common.bootloader.xip_enable" value="config.bsp.common.bootloader.xip_enable.disabled"/>
      <property id="config.bsp.common.vcc" value="3300"/>
      <property id="config.bsp.common.checking" value="config.bsp.common.checking.disabled"/>
      <property id="config.bsp.common.assert" value="config.bsp.common.assert.none"/>
      <property id="config.bsp.common.soft_reset" value="config.bsp.common.soft_reset.disabled"/>
      <property id="config.bsp.common.main_osc_populated" value="config.bsp.common.main_osc_populated.enabled"/>
      <property id="config.bsp.common.pfs_protect" value="config.bsp.common.pfs_protect.enabled"/>
      <property id="config.bsp.common.c_runtime_init" value="config.bsp.common.c_runtime_init.enabled"/>
      <property id="config.bsp.common.early_init" value="config.bsp.common.early_init.disabled"/>
      <property id="config.bsp.common.main_osc_clock_source" value="config.bsp.common.main_osc_clock_source.crystal"/>
      <property id="config.bsp.common.subclock_populated" value="config.bsp.common.subclock_populated.enabled"/>
      <property id="config.bsp.common.subclock_drive" value="config.bsp.common.subclock_drive.standard"/>
      <property id="config.bsp.common.subclock_stabilization_ms" value="1000"/>
    </config>
  </raBspConfiguration>
  <raClockConfiguration>
    <node id="board.clock.xtal.freq" mul="24000000" option="_edit"/>
    <node id="board.clock.hoco.freq" option="board.clock.hoco.freq.48m"/>
    <node id="board.clock.loco.freq" option="board.clock.loco.freq.32768"/>
    <node id="board.clock.moco.freq" option="board.clock.moco.freq.8m"/>
    <node id="board.clock.subclk.freq" option="board.clock.subclk.freq.32768"/>
    <node id="board.clock.pll.source" option="board.clock.pll.source.xtal"/>
    <node id="board.clock.pll.div" option="board.clock.pll.div.4"/>
    <node id="board.clock.pll.mul" option="board.clock.pll.mul.160_00"/>
    <node id="board.clock.pll.display" option="board.clock.pll.display.value"/>
    <node id="board.clock.pll1p.div" option="board.clock.pll1p.div.2"/>
    <node id="board.clock.pll1p.display" option="board.clock.pll1p.display.value"/>
    <node id="board.clock.pll1q.div" option="board.clock.pll1q.div.2"/>
    <node id="board.clock.pll1q.display" option="board.clock.pll1q.display.value"/>
    <node id="board.clock.pll1r.div" option="board.clock.pll1r.div.4"/>
    <node id="board.clock.pll1r.display" option="board.clock.pll1r.display.value"/>
    <node id="board.clock.pll2.source" option="board.clock.pll2.source.xtal"/>
    <node id="board.clock.pll2.div" option="board.clock.pll2.div.3"/>
    <node id="board.clock.pll2.mul" option="board.clock.pll2.mul.100_00"/>
    <node id="board.clock.pll2.display" option="board.clock.pll2.display.value"/>
    <node id="board.clock.pll2p.div" option="board.clock.pll2p.div.4"/>
    <node id="board.clock.pll2p.display" option="board.clock.pll2p.display.value"/>
    <node id="board.clock.pll2q.div" option="board.clock.pll2q.div.4"/>
    <node id="board.clock.pll2q.display" option="board.clock.pll2q.display.value"/>
    <node id="board.clock.pll2r.div" option="board.clock.pll2r.div.4"/>
    <node id="board.clock.pll2r.display" option="board.clock.pll2r.display.value"/>
    <node id="board.clock.clock.source" option="board.clock.clock.source.pll1p"/>
    <node id="board.clock.clkout.source" option="board.clock.clkout.source.disabled"/>
    <node id="board.clock.sciclk.source" option="board.clock.sciclk.source.disabled"/>
    <node id="board.clock.spiclk.source" option="board.clock.spiclk.source.disabled"/>
    <node id="board.clock.canfdclk.source" option="board.clock.canfdclk.source.disabled"/>
    <node id="board.clock.lcdclk.source" option="board.clock.lcdclk.source.disabled"/>
    <node id="board.clock.i3cclk.source" option="board.clock.i3cclk.source.disabled"/>
    <node id="board.clock.uck.source" option="board.clock.uck.source.pll1r"/>
    <node id="board.clock.u60ck.source" option="board.clock.u60ck.source.disabled"/>
    <node id="board.clock.octaspiclk.source" option="board.clock.octaspiclk.source.pll2p"/>
    <node id="board.clock.cpuclk.div" option="board.clock.cpuclk.div.1"/>
    <node id="board.clock.iclk.div" option="board.clock.iclk.div.2"/>
    <node id="board.clock.pclka.div" option="board.clock.pclka.div.4"/>
    <node id="board.clock.pclkb.div" option="board.clock.pclkb.div.8"/>
    <node id="board.clock.pclkc.div" option="board.clock.pclkc.div.8"/>
    <node id="board.clock.pclkd.div" option="board.clock.pclkd.div.4"/>
    <node id="board.clock.pclke.div" option="board.clock.pclke.div.2"/>
    <node id="board.clock.sdclkout.enable" option="board.clock.sdclkout.enable.enabled"/>
    <node id="board.clock.bclk.div" option="board.clock.bclk.div.4"/>
    <node id="board.clock.bclkout.div" option="board.clock.bclkout.div.2"/>
    <node id="board.clock.fclk.div" option="board.clock.fclk.div.8"/>
    <node id="board.clock.clkout.div" option="board.clock.clkout.div.1"/>
    <node id="board.clock.sciclk.div" option="board.clock.sciclk.div.4"/>
    <node id="board.clock.spiclk.div" option="board.clock.spiclk.div.4"/>
    <node id="board.clock.canfdclk.div" option="board.clock.canfdclk.div.8"/>
    <node id="board.clock.lcdclk.div" option="board.clock.lcdclk.div.2"/>
    <node id="board.clock.i3cclk.div" option="board.clock.i3cclk.div.3"/>
    <node id="board.clock.uck.div" option="board.clock.uck.div.5"/>
    <node id="board.clock.u60ck.div" option="board.clock.u60ck.div.5"/>
    <node id="board.clock.octaspiclk.div" option="board.clock.octaspiclk.div.1"/>
    <node id="board.clock.cpuclk.display" option="board.clock.cpuclk.display.value"/>
    <node id="board.clock.iclk.display" option="board.clock.iclk.display.value"/>
    <node id="board.clock.pclka.display" option="board.clock.pclka.display.value"/>
    <node id="board.clock.pclkb.display" option="board.clock.pclkb.display.value"/>
    <node id="board.clock.pclkc.display" option="board.clock.pclkc.display.value"/>
    <node id="board.clock.pclkd.display" option="board.clock.pclkd.display.value"/>
    <node id="board.clock.pclke.display" option="board.clock.pclke.display.value"/>
    <node id="board.clock.sdclkout.display" option="board.clock.sdclkout.display.value"/>
    <node id="board.clock.bclk.display" option="board.clock.bclk.display.value"/>
    <node id="board.clock.bclkout.display" option="board.clock.bclkout.display.value"/>
    <node id="board.clock.fclk.display" option="board.clock.fclk.display.value"/>
    <node id="board.clock.clkout.display" option="board.clock.clkout.display.value"/>
    <node id="board.clock.sciclk.display" option="board.clock.sciclk.display.value"/>
    <node id="board.clock.spiclk.display" option="board.clock.spiclk.display.value"/>
    <node id="board.clock.canfdclk.display" option="board.clock.canfdclk.display.value"/>
    <node id="board.clock.lcdclk.display" option="board.clock.lcdclk.display.value"/>
    <node id="board.clock.i3cclk.display" option="board.clock.i3cclk.display.value"/>
    <node id="board.clock.uck.display" option="board.clock.uck.display.value"/>
    <node id="board.clock.u60ck.display" option="board.clock.u60ck.display.value"/>
    <node id="board.clock.octaspiclk.display" option="board.clock.octaspiclk.display.value"/>
    <node id="board.clock.octaspiclk.om_sclk.display" option="board.clock.octaspiclk.om_sclk.display.value"/>
  </raClockConfiguration>
  <raComponentSelection>
    <component apiversion="" class="BSP" condition="" group="ra8d1" subgroup="device" variant="R7FA8D1BHECBD" vendor="Renesas" version="6.2.0">
      <description>Board support package for R7FA8D1BHECBD</description>
      <originalPack>Renesas.RA_mcu_ra8d1.6.2.0.pack</originalPack>
    </component>
    <component apiversion="" class="BSP" condition="" group="ra8d1" subgroup="device" variant="" vendor="Renesas" version="6.2.0">
      <description>Board support package for RA8D1</description>
      <originalPack>Renesas.RA_mcu_ra8d1.6.2.0.pack</originalPack>
    </component>
    <component apiversion="" class="BSP" condition="" group="ra8d1" subgroup="fsp" variant="" vendor="Renesas" version="6.2.0">
      <description>Board support package for RA8D1 - FSP Data</description>
      <originalPack>Renesas.RA_mcu_ra8d1.6.2.0.pack</originalPack>
    </component>
    <component apiversion="" class="BSP" condition="" group="ra8d1" subgroup="events" variant="" vendor="Renesas" version="6.2.0">
      <description>Board support package for RA8D1 - Events</description>
      <originalPack>Renesas.RA_mcu_ra8d1.6.2.0.pack</originalPack>
    </component>
    <component apiversion="" class="BSP" condition="" group="ra8d1" subgroup="linker" variant="" vendor="Renesas" version="6.2.0">
      <description>Board support package for RA8D1 - Linker</description>
      <originalPack>Renesas.RA_mcu_ra8d1.6.2.0.pack</originalPack>
    </component>
    <component apiversion="" class="Common" condition="" group="all" subgroup="fsp_common" variant="" vendor="Renesas" version="6.2.0">
      <description>Board Support Package Common Files</description>
      <originalPack>Renesas.RA.6.2.0.pack</originalPack>
    </component>
    <component apiversion="" class="HAL Drivers" condition="" group="all" subgroup="r_gpt" variant="" vendor="Renesas" version="6.2.0">
      <description>General PWM Timer</description>
      <originalPack>Renesas.RA.6.2.0.pack</originalPack>
    </component>
    <component apiversion="" class="HAL Drivers" condition="" group="all" subgroup="r_ioport" variant="" vendor="Renesas" version="6.2.0">
      <description>I/O Port</description>
      <originalPack>Renesas.RA.6.2.0.pack</originalPack>
    </component>
    <component apiversion="" class="CMSIS" condition="" group="Main" subgroup="CoreM" variant="" vendor="Arm" version="6.1.0+fsp.6.2.0">
      <description>Arm CMSIS Version 6 - Core (M)</description>
      <originalPack>Arm.CMSIS6.6.1.0+fsp.6.2.0.pack</originalPack>
    </component>
    <component apiversion="" class="BSP" condition="" group="Board" subgroup="ra8d1_cpkcor" variant="" vendor="Renesas" version="6.2.0">
      <description/>
      <originalPack>Renesas.RA_board_ra8d1_cpkcor.6.2.0.pack</originalPack>
    </component>
  </raComponentSelection>
  <raElcConfiguration/>
  <raIcuConfiguration/>
  <raLinkMapConfiguration/>
  <raModuleConfiguration>
    <module id="module.driver.ioport_on_ioport.0">
      <property id="module.driver.ioport.name" value="g_ioport"/>
      <property id="module.driver.ioport.elc_trigger_ioport1" value="_disabled"/>
      <property id="module.driver.ioport.elc_trigger_ioport2" value="_disabled"/>
      <property id="module.driver.ioport.elc_trigger_ioport3" value="_disabled"/>
      <property id="module.driver.ioport.elc_trigger_ioport4" value="_disabled"/>
      <property id="module.driver.ioport.pincfg" value="g_bsp_pin_cfg"/>
    </module>
    <module id="module.driver.timer_on_gpt.1782407436">
      <property id="module.driver.timer.name" value="g_timer0"/>
      <property id="module.driver.timer.channel" value="0"/>
      <property id="module.driver.timer.mode" value="module.driver.timer.mode.mode_periodic"/>
      <property id="module.driver.timer.period" value="1"/>
      <property id="module.driver.timer.compare_match.a.status" value="module.driver.timer.compare_match.a.status.disabled"/>
      <property id="module.driver.timer.compare_match.a.value" value="0"/>
      <property id="module.driver.timer.compare_match.b.status" value="module.driver.timer.compare_match.b.status.disabled"/>
      <property id="module.driver.timer.compare_match.b.value" value="0"/>
      <property id="module.driver.timer.unit" value="module.driver.timer.unit.unit_period_sec"/>
      <property id="module.driver.timer.gtior.gtioa.initial_output_level" value="module.driver.timer.gtior.gtioa.initial_output_level.low"/>
      <property id="module.driver.timer.gtior.gtioa.cycle_end_output_level" value="module.driver.timer.gtior.gtioa.cycle_end_output_level.retain"/>
      <property id="module.driver.timer.gtior.gtioa.compare_match_output_level" value="module.driver.timer.gtior.gtioa.compare_match_output_level.retain"/>
      <property id="module.driver.timer.gtior.gtioa.count_stop_retain" value="module.driver.timer.gtior.gtioa.count_stop_retain.disabled"/>
      <property id="module.driver.timer.gtior.gtiob.initial_output_level" value="module.driver.timer.gtior.gtiob.initial_output_level.low"/>
      <property id="module.driver.timer.gtior.gtiob.cycle_end_output_level" value="module.driver.timer.gtior.gtiob.cycle_end_output_level.retain"/>
      <property id="module.driver.timer.gtior.gtiob.compare_match_output_level" value="module.driver.timer.gtior.gtiob.compare_match_output_level.retain"/>
      <property id="module.driver.timer.gtior.gtiob.count_stop_retain" value="module.driver.timer.gtior.gtiob.count_stop_retain.disabled"/>
      <property id="module.driver.timer.gtior.custom_waveform_enable" value="module.driver.timer.gtior.custom_waveform_enable.disabled"/>
      <property id="module.driver.timer.duty_cycle" value="50"/>
      <property id="module.driver.timer.gtioca_output_enabled" value="module.driver.timer.gtioca_output_enabled.false"/>
      <property id="module.driver.timer.gtioca_stop_level" value="module.driver.timer.gtioca_stop_level.pin_level_low"/>
      <property id="module.driver.timer.gtiocb_output_enabled" value="module.driver.timer.gtiocb_output_enabled.false"/>
      <property id="module.driver.timer.gtiocb_stop_level" value="module.driver.timer.gtiocb_stop_level.pin_level_low"/>
      <property id="module.driver.timer.count_up_source" value=""/>
      <property id="module.driver.timer.count_down_source" value=""/>
      <property id="module.driver.timer.start_source" value=""/>
      <property id="module.driver.timer.stop_source" value=""/>
      <property id="module.driver.timer.clear_source" value=""/>
      <property id="module.driver.timer.capture_a_source" value=""/>
      <property id="module.driver.timer.capture_b_source" value=""/>
      <property id="module.driver.timer.gtioca_filter" value="module.driver.timer.gtioc_filter.gtioc_filter_none"/>
      <property id="module.driver.timer.gtiocb_filter" value="module.driver.timer.gtioc_filter.gtioc_filter_none"/>
      <property id="module.driver.timer.gtioca_polarity" value="module.driver.timer.gtioc_polarity.normal"/>
      <property id="module.driver.timer.gtiocb_polarity" value="module.driver.timer.gtioc_polarity.normal"/>
      <property id="module.driver.timer.p_callback" value="NULL"/>
      <property id="module.driver.timer.ipl" value="_disabled"/>
      <property id="module.driver.timer.capture_a_ipl" value="_disabled"/>
      <property id="module.driver.timer.capture_b_ipl" value="_disabled"/>
      <property id="module.driver.timer.trough_ipl" value="_disabled"/>
      <property id="module.driver.timer.extra" value="module.driver.timer.extra.disabled"/>
      <property id="module.driver.timer.poeg_link" value="enum.driver.poeg.channels.poeg_link_poeg0"/>
      <property id="module.driver.timer.output_disable" value=""/>
      <property id="module.driver.timer.adc_trigger" value=""/>
      <property id="module.driver.timer.adc_a_compare_match" value="0"/>
      <property id="module.driver.timer.adc_b_compare_match" value="0"/>
      <property id="module.driver.timer.dead_time_count_up" value="0"/>
      <property id="module.driver.timer.dead_time_count_down" value="0"/>
      <property id="module.driver.timer.interrupt_skip.source" value="module.driver.timer.interrupt_skip.source.none"/>
      <property id="module.driver.timer.interrupt_skip.count" value="module.driver.timer.interrupt_skip.count.count_0"/>
      <property id="module.driver.timer.interrupt_skip.adc" value="module.driver.timer.interrupt_skip.skip_sources.interrupt_skip.adc.none"/>
      <property id="module.driver.timer.gtioca_disable_setting" value="module.driver.timer.gtioca_disable_setting.gtioc_disable_prohibited"/>
      <property id="module.driver.timer.gtiocb_disable_setting" value="module.driver.timer.gtiocb_disable_setting.gtioc_disable_prohibited"/>
    </module>
    <context id="_hal.0">
      <stack module="module.driver.ioport_on_ioport.0"/>
      <stack module="module.driver.timer_on_gpt.1782407436"/>
    </context>
    <config id="config.driver.gpt">
      <property id="config.driver.gpt.param_checking_enable" value="config.driver.gpt.param_checking_enable.bsp"/>
      <property id="config.driver.gpt.output_support_enable" value="config.driver.gpt.output_support_enable.disabled"/>
      <property id="config.driver.gpt.write_protect_enable" value="config.driver.gpt.write_protect_enable.disabled"/>
    </config>
    <config id="config.driver.ioport">
      <property id="config.driver.ioport.checking" value="config.driver.ioport.checking.system"/>
      <property id="config.driver.ioport.ccd_support_enable" value="config.driver.ioport.ccd_support_enable.disabled"/>
    </config>
  </raModuleConfiguration>
  <raPinConfiguration>
    <symbolicName propertyId="p008.symbolic_name" value="USER_SW"/>
    <symbolicName propertyId="pa01.symbolic_name" value="USER_LED"/>
    <pincfg active="false" name="R7FA8D1BHECBD.pincfg" selected="false" symbol="g_bsp_pin_cfg"/>
    <pincfg active="true" name="RA8D1 CPKHMI" selected="false" symbol="g_bsp_pin_cfg">
      <configSetting altId="adc0.mode.custom.free" configurationId="adc0.mode"/>
      <configSetting altId="p107.output.low" configurationId="p107"/>
      <configSetting altId="p107.gpio_mode.gpio_mode_out.low" configurationId="p107.gpio_mode"/>
      <configSetting altId="p404.output.high" configurationId="p404"/>
      <configSetting altId="p404.gpio_mode.gpio_mode_out.high" configurationId="p404.gpio_mode"/>
      <configSetting altId="p504.input" configurationId="p504"/>
      <configSetting altId="p504.gpio_mode.gpio_mode_in" configurationId="p504.gpio_mode"/>
      <configSetting altId="p600.output.low" configurationId="p600"/>
      <configSetting altId="p600.gpio_mode.gpio_mode_out.low" configurationId="p600.gpio_mode"/>
    </pincfg>
    <pincfg active="false" name="RA8D1_CPKCOR.pincfg" selected="true" symbol="">
      <configSetting altId="cgc.mode.custom.free" configurationId="cgc.mode"/>
      <configSetting altId="jtag_fslash_swd.mode.swd.free" configurationId="jtag_fslash_swd.mode"/>
      <configSetting altId="jtag_fslash_swd.swclk.p211" configurationId="jtag_fslash_swd.swclk"/>
      <configSetting altId="jtag_fslash_swd.swdio.p210" configurationId="jtag_fslash_swd.swdio"/>
      <configSetting altId="p210.jtag_fslash_swd.swdio" configurationId="p210"/>
      <configSetting altId="p210.gpio_mode.gpio_mode_peripheral" configurationId="p210.gpio_mode"/>
      <configSetting altId="p211.jtag_fslash_swd.swclk" configurationId="p211"/>
      <configSetting altId="p211.gpio_mode.gpio_mode_peripheral" configurationId="p211.gpio_mode"/>
      <configSetting altId="p408.sci3.rxd3" configurationId="p408"/>
      <configSetting altId="p408.gpio_mode.gpio_mode_peripheral" configurationId="p408.gpio_mode"/>
      <configSetting altId="p409.sci3.txd3" configurationId="p409"/>
      <configSetting altId="p409.gpio_mode.gpio_mode_peripheral" configurationId="p409.gpio_mode"/>
      <configSetting altId="sci3.mode.asynchronousuart.free" configurationId="sci3.mode"/>
      <configSetting altId="sci3.rxd3.p408" configurationId="sci3.rxd3"/>
      <configSetting altId="sci3.txd3.p409" configurationId="sci3.txd3"/>
      <configSetting altId="system.mode.custom.free" configurationId="system.mode"/>
      <lockSetting id="sci3.rxd3" lock="true"/>
      <lockSetting id="sci3.txd3" lock="true"/>
    </pincfg>
    <pincfg active="false" name="RA2A2 EK" selected="false" symbol="">
      <configSetting altId="adc0.mode.custom.free" configurationId="adc0.mode"/>
      <configSetting altId="cgc.mode.custom.free" configurationId="cgc.mode"/>
      <configSetting altId="gpt5.mode.gtiocaorgtiocb.free" configurationId="gpt5.mode"/>
      <configSetting altId="gpt9.mode.gtiocaorgtiocb.free" configurationId="gpt9.mode"/>
      <configSetting altId="irq.mode.custom.free" configurationId="irq.mode"/>
      <configSetting altId="jtag_fslash_swd.mode.swd.free" configurationId="jtag_fslash_swd.mode"/>
      <configSetting altId="p112.spi0.ssla2" configurationId="p112"/>
      <configSetting altId="p112.gpio_mode.gpio_mode_peripheral" configurationId="p112.gpio_mode"/>
      <configSetting altId="p301.output.low" configurationId="p301"/>
      <configSetting altId="p301.gpio_mode.gpio_mode_out.low" configurationId="p301.gpio_mode"/>
      <configSetting altId="p302.output.low" configurationId="p302"/>
      <configSetting altId="p302.gpio_mode.gpio_mode_out.low" configurationId="p302.gpio_mode"/>
      <configSetting altId="p303.output.low" configurationId="p303"/>
      <configSetting altId="p303.gpio_mode.gpio_mode_out.low" configurationId="p303.gpio_mode"/>
      <configSetting altId="p307.output.low" configurationId="p307"/>
      <configSetting altId="p307.gpio_mode.gpio_mode_out.low" configurationId="p307.gpio_mode"/>
      <configSetting altId="p308.output.low" configurationId="p308"/>
      <configSetting altId="p308.gpio_mode.gpio_mode_out.low" configurationId="p308.gpio_mode"/>
      <configSetting altId="p309.output.low" configurationId="p309"/>
      <configSetting altId="p309.gpio_mode.gpio_mode_out.low" configurationId="p309.gpio_mode"/>
      <configSetting altId="p310.output.low" configurationId="p310"/>
      <configSetting altId="p310.gpio_mode.gpio_mode_out.low" configurationId="p310.gpio_mode"/>
      <configSetting altId="p401.output.low" configurationId="p401"/>
      <configSetting altId="p401.gpio_mode.gpio_mode_out.low" configurationId="p401.gpio_mode"/>
      <configSetting altId="p501.output.low" configurationId="p501"/>
      <configSetting altId="p501.gpio_mode.gpio_mode_out.low" configurationId="p501.gpio_mode"/>
      <configSetting altId="sci0.mode.simplespi.free" configurationId="sci0.mode"/>
      <configSetting altId="sci2.mode.asynchronousuart.free" configurationId="sci2.mode"/>
      <configSetting altId="sci9.mode.asynchronousuart.free" configurationId="sci9.mode"/>
      <configSetting altId="spi0.mode.custom.free" configurationId="spi0.mode"/>
      <configSetting altId="spi0.ssla2.p112" configurationId="spi0.ssla2"/>
      <configSetting altId="system.mode.custom.free" configurationId="system.mode"/>
    </pincfg>
    <pincfg active="false" name="R7FA2A2AD3CFP.pincfg" selected="false" symbol="">
      <configSetting altId="jtag_fslash_swd.mode.swd.free" configurationId="jtag_fslash_swd.mode"/>
    </pincfg>
  </raPinConfiguration>
</raConfiguration>
