<?xml version="1.0" encoding="UTF-8" standalone="no"?>
<raConfiguration version="12">
  <generalSettings>
    <option key="#Board#" value="board.custom"/>
    <option key="CPU" value="RA8T2"/>
    <option key="Core" value="CPU0"/>
    <option key="#TargetName#" value="R7KA8T2LFLCAC"/>
    <option key="#TargetARCHITECTURE#" value="cortex-m85"/>
    <option key="#DeviceCommand#" value="R7KA8T2LF"/>
    <option key="#RTOS#" value="_none"/>
    <option key="#pinconfiguration#" value="R7KA8T2LFLCAC.pincfg"/>
    <option key="#FSPVersion#" value="6.1.0"/>
    <option key="#SELECTED_TOOLCHAIN#" value="gcc-arm-embedded"/>
    <option key="#ToolchainVersion#" value="13.3.1.arm-13-24"/>
  </generalSettings>
  <raBspConfiguration>
    <config id="config.bsp.ra8t2.R7KA8T2LFLCAC">
      <property id="config.bsp.part_number" value="config.bsp.part_number.value"/>
      <property id="config.bsp.rom_size_bytes" value="config.bsp.rom_size_bytes.value"/>
      <property id="config.bsp.rom_size_bytes_hidden" value="1048576"/>
      <property id="config.bsp.ram_size_bytes" value="config.bsp.ram_size_bytes.value"/>
      <property id="config.bsp.data_flash_size_bytes" value="config.bsp.data_flash_size_bytes.value"/>
      <property id="config.bsp.package_style" value="config.bsp.package_style.value"/>
      <property id="config.bsp.package_pins" value="config.bsp.package_pins.value"/>
      <property id="config.bsp.number_of_cores" value="2"/>
      <property id="config.bsp.irq_count_hidden" value="96"/>
    </config>
    <config id="config.bsp.ra8t2">
      <property id="config.bsp.series" value="config.bsp.series.value"/>
    </config>
    <config id="config.bsp.ra8t2.fsp">
      <property id="config.bsp.fsp.inline_irq_functions" value="config.bsp.common.inline_irq_functions.enabled"/>
      <property id="config.bsp.fsp.sdram.enabled" value="config.bsp.fsp.sdram.enabled.disabled"/>
      <property id="config.bsp.fsp.sdram.tras" value="config.bsp.fsp.sdram.tras.6"/>
      <property id="config.bsp.fsp.sdram.trcd" value="config.bsp.fsp.sdram.trcd.3"/>
      <property id="config.bsp.fsp.sdram.trp" value="config.bsp.fsp.sdram.trp.3"/>
      <property id="config.bsp.fsp.sdram.twr" value="config.bsp.fsp.sdram.twr.2"/>
      <property id="config.bsp.fsp.sdram.tcl" value="config.bsp.fsp.sdram.tcl.3"/>
      <property id="config.bsp.fsp.sdram.trfc" value="937"/>
      <property id="config.bsp.fsp.sdram.trefw" value="config.bsp.fsp.sdram.trefw.8"/>
      <property id="config.bsp.fsp.sdram.arfi" value="config.bsp.fsp.sdram.arfi.10"/>
      <property id="config.bsp.fsp.sdram.arfc" value="config.bsp.fsp.sdram.arfc.8"/>
      <property id="config.bsp.fsp.sdram.prc" value="config.bsp.fsp.sdram.prc.3"/>
      <property id="config.bsp.fsp.sdram.addr_shift" value="config.bsp.fsp.sdram.addr_shift.9"/>
      <property id="config.bsp.fsp.sdram.endian_mode" value="config.bsp.fsp.sdram.endian_mode.little"/>
      <property id="config.bsp.fsp.sdram.continuous_access_mode" value="config.bsp.fsp.sdram.continuous_access_mode.enabled"/>
      <property id="config.bsp.fsp.sdram.bus_width" value="config.bsp.fsp.sdram.bus_width.32"/>
      <property id="config.bsp.fsp.tz.exception_response" value="config.bsp.fsp.tz.exception_response.nmi"/>
      <property id="config.bsp.fsp.tz.cmsis.bfhfnmins" value="config.bsp.fsp.tz.cmsis.bfhfnmins.secure"/>
      <property id="config.bsp.fsp.tz.cmsis.sysresetreqs" value="config.bsp.fsp.tz.cmsis.sysresetreqs.secure_only"/>
      <property id="config.bsp.fsp.tz.cmsis.s_priority_boost" value="config.bsp.fsp.tz.cmsis.s_priority_boost.disabled"/>
      <property id="config.bsp.fsp.tz.cachesar" value="config.bsp.fsp.tz.cachesar.secure"/>
      <property id="config.bsp.fsp.tz.rstsar" value="config.bsp.fsp.tz.rstsar.both"/>
      <property id="config.bsp.fsp.tz.bbfsar" value="config.bsp.fsp.tz.bbfsar.both"/>
      <property id="config.bsp.fsp.tz.sramsar.sramsa0" value="config.bsp.fsp.tz.sramsar.sramsa0.both"/>
      <property id="config.bsp.fsp.tz.sramsar.sramsa1" value="config.bsp.fsp.tz.sramsar.sramsa1.both"/>
      <property id="config.bsp.fsp.tz.sramsar.sramsa2" value="config.bsp.fsp.tz.sramsar.sramsa2.both"/>
      <property id="config.bsp.fsp.tz.sramsar.sramsa3" value="config.bsp.fsp.tz.sramsar.sramsa3.both"/>
      <property id="config.bsp.fsp.tz.bussara" value="config.bsp.fsp.tz.bussara.both"/>
      <property id="config.bsp.fsp.tz.bussarb" value="config.bsp.fsp.tz.bussarb.both"/>
      <property id="config.bsp.fsp.tz.bussarc" value="config.bsp.fsp.tz.bussarc.both"/>
      <property id="config.bsp.fsp.tz.saipcsem0" value="config.bsp.fsp.tz.saipcsem0.secure_only"/>
      <property id="config.bsp.fsp.tz.saipcsem1" value="config.bsp.fsp.tz.saipcsem1.secure_only"/>
      <property id="config.bsp.fsp.tz.saipcnmi0" value="config.bsp.fsp.tz.saipcnmi0.secure_only"/>
      <property id="config.bsp.fsp.tz.saipcnmi1" value="config.bsp.fsp.tz.saipcnmi1.secure_only"/>
      <property id="config.bsp.fsp.tz.pgcsar" value="config.bsp.fsp.tz.pgcsar.secure_only"/>
      <property id="config.bsp.fsp.tz.uninitialized_ns_application_fallback" value="config.bsp.fsp.tz.uninitialized_ns_application_fallback.enabled"/>
      <property id="config.bsp.fsp.hoco_fll" value="config.bsp.fsp.hoco_fll.disabled"/>
      <property id="config.bsp.fsp.clock_settling_delay" value="config.bsp.fsp.clock_settling_delay.enabled"/>
      <property id="config.bsp.fsp.sleep_mode_delays" value="config.bsp.fsp.sleep_mode_delays.enabled"/>
      <property id="config.bsp.fsp.rtos_sleep_delay" value="config.bsp.fsp.rtos_sleep_delay.enabled"/>
      <property id="config.bsp.fsp.mstp_change_delays" value="config.bsp.fsp.mstp_change_delays.enabled"/>
      <property id="config.bsp.fsp.settling_delay_us" value="30"/>
      <property id="config.bsp.common.main_osc_wait" value="config.bsp.common.main_osc_wait.wait_8163"/>
      <property id="config.bsp.fsp.mcu.adc.max_freq_hz" value="60000000"/>
      <property id="config.bsp.fsp.mcu.sci_b_uart.max_baud" value="20000000"/>
      <property id="config.bsp.fsp.mcu.sci_b_uart.ctspen_channels" value="0x03FF"/>
      <property id="config.bsp.fsp.mcu.adc.sample_and_hold" value="1"/>
      <property id="config.bsp.fsp.mcu.adc.sensors_are_exclusive" value="0"/>
      <property id="config.bsp.fsp.mcu.sci_spi.max_bitrate" value="60000000"/>
      <property id="config.bsp.fsp.mcu.spi.max_bitrate" value="60000000"/>
      <property id="config.bsp.fsp.mcu.iic_master.rate.rate_fastplus" value="1"/>
      <property id="config.bsp.fsp.mcu.iic_master.fastplus_channels" value="0x7"/>
      <property id="config.bsp.fsp.mcu.iic_slave.rate.rate_fastplus" value="1"/>
      <property id="config.bsp.fsp.mcu.iic_slave.fastplus_channels" value="0x7"/>
      <property id="config.bsp.fsp.mcu.gpt.pin_count_source_channels" value="0x3FFF"/>
      <property id="config.bsp.fsp.mcu.canfd.num_channels" value="2"/>
      <property id="config.bsp.fsp.mcu.canfd.rx_fifos" value="2"/>
      <property id="config.bsp.fsp.mcu.canfd.buffer_ram" value="1216"/>
      <property id="config.bsp.fsp.mcu.canfd.afl_rules" value="32"/>
      <property id="config.bsp.fsp.mcu.canfd.afl_rules_each_chnl" value=" 16"/>
      <property id="config.bsp.fsp.mcu.canfd.max_data_rate_hz" value="8"/>
      <property id="config.bsp.fsp.mcu.adc_dmac.samples_per_channel" value="32767"/>
      <property id="config.bsp.fsp.mcu.sci_b_lin.max_baud" value="7812500"/>
      <property id="config.bsp.fsp.mcu.ospi_b.spi_dspi_qspi_mode_max_freq_hz" value="120000000"/>
      <property id="config.bsp.fsp.dcache" value="config.bsp.fsp.dcache.disabled"/>
      <property id="config.bsp.fsp.mscr.forcewt" value="config.bsp.fsp.mscr.forcewt.disabled"/>
      <property id="config.bsp.fsp.mcu.rtc.err_adjustment_value.max_value" value="63"/>
    </config>
    <config id="config.bsp.ra8t2.linker">
      <property id="config.bsp.option_setting.ofs0" value="config.bsp.option_setting.ofs0.enabled"/>
      <property id="config.bsp.option_setting.ofs0.iwdt_start_mode" value="config.bsp.option_setting.ofs0.iwdt_start_mode.disabled"/>
      <property id="config.bsp.option_setting.ofs0.iwdt_timeout" value="config.bsp.option_setting.ofs0.iwdt_timeout.2048"/>
      <property id="config.bsp.option_setting.ofs0.iwdt_divisor" value="config.bsp.option_setting.ofs0.iwdt_divisor.128"/>
      <property id="config.bsp.option_setting.ofs0.iwdt_window_end" value="config.bsp.option_setting.ofs0.iwdt_window_end.0"/>
      <property id="config.bsp.option_setting.ofs0.iwdt_window_start" value="config.bsp.option_setting.ofs0.iwdt_window_start.100"/>
      <property id="config.bsp.option_setting.ofs0.iwdt_reset_interrupt" value="config.bsp.option_setting.ofs0.iwdt_reset_interrupt.Reset"/>
      <property id="config.bsp.option_setting.ofs0.iwdt_stop_control" value="config.bsp.option_setting.ofs0.iwdt_stop_control.stops"/>
      <property id="config.bsp.option_setting.ofs0.wdt_start_mode" value="config.bsp.option_setting.ofs0.wdt_start_mode.register"/>
      <property id="config.bsp.option_setting.ofs0.wdt_timeout" value="config.bsp.option_setting.ofs0.wdt_timeout.16384"/>
      <property id="config.bsp.option_setting.ofs0.wdt_divisor" value="config.bsp.option_setting.ofs0.wdt_divisor.128"/>
      <property id="config.bsp.option_setting.ofs0.wdt_window_end" value="config.bsp.option_setting.ofs0.wdt_window_end.0"/>
      <property id="config.bsp.option_setting.ofs0.wdt_window_start" value="config.bsp.option_setting.ofs0.wdt_window_start.100"/>
      <property id="config.bsp.option_setting.ofs0.wdt_reset_interrupt" value="config.bsp.option_setting.ofs0.wdt_reset_interrupt.Reset"/>
      <property id="config.bsp.option_setting.ofs0.wdt_stop_control" value="config.bsp.option_setting.ofs0.wdt_stop_control.stops"/>
      <property id="config.bsp.option_setting.ofs2" value="config.bsp.option_setting.ofs2.enabled"/>
      <property id="config.bsp.option_setting.ofs2.dcdc" value="config.bsp.option_setting.ofs2.dcdc.enabled"/>
      <property id="config.bsp.option_setting.ofs2.cvm_reset" value="config.bsp.option_setting.ofs2.cvm_reset.disabled"/>
      <property id="config.bsp.option_setting.sas" value="config.bsp.option_setting.sas.disabled"/>
      <property id="config.bsp.option_setting.sas.btsize" value="config.bsp.option_setting.sas.btsize.8k"/>
      <property id="config.bsp.option_setting.ofs1" value="config.bsp.option_setting.ofs1.disabled"/>
      <property id="config.bsp.option_setting.ofs1.voltage_detection0.start" value="config.bsp.option_setting.ofs1.voltage_detection0.start.disabled"/>
      <property id="config.bsp.option_setting.ofs1.voltage_detection0_level" value="config.bsp.option_setting.ofs1.voltage_detection0_level.160"/>
      <property id="config.bsp.option_setting.ofs1.hoco_osc" value="config.bsp.option_setting.ofs1.hoco_osc.disabled"/>
      <property id="config.bsp.option_setting.ofs1.voltage_detection0.low_power_consumption" value="config.bsp.option_setting.ofs1.voltage_detection0.low_power_consumption.disabled"/>
      <property id="config.bsp.option_setting.ofs1.swdbg" value="config.bsp.option_setting.ofs1.swdbg.disabled"/>
      <property id="config.bsp.option_setting.ofs1.initeccen" value="config.bsp.option_setting.ofs1.initeccen.disabled"/>
      <property id="config.bsp.option_setting.ofs1_sec" value="config.bsp.option_setting.ofs1_sec.enabled"/>
      <property id="config.bsp.option_setting.ofs1_sec.voltage_detection0.start" value="config.bsp.option_setting.ofs1_sec.voltage_detection0.start.disabled"/>
      <property id="config.bsp.option_setting.ofs1_sec.voltage_detection0_level" value="config.bsp.option_setting.ofs1_sec.voltage_detection0_level.160"/>
      <property id="config.bsp.option_setting.ofs1_sec.hoco_osc" value="config.bsp.option_setting.ofs1_sec.hoco_osc.disabled"/>
      <property id="config.bsp.option_setting.ofs1_sec.voltage_detection0.low_power_consumption" value="config.bsp.option_setting.ofs1_sec.voltage_detection0.low_power_consumption.disabled"/>
      <property id="config.bsp.option_setting.ofs1_sec.swdbg" value="config.bsp.option_setting.ofs1_sec.swdbg.disabled"/>
      <property id="config.bsp.option_setting.ofs1_sec.initeccen" value="config.bsp.option_setting.ofs1_sec.initeccen.disabled"/>
      <property id="config.bsp.option_setting.ofs1_sel" value="config.bsp.option_setting.ofs1_sel.enabled"/>
      <property id="config.bsp.option_setting.ofs1_sel.voltage_detection0_level" value="config.bsp.option_setting.ofs1_sel.voltage_detection0_level.secure"/>
      <property id="config.bsp.option_setting.ofs1_sel.voltage_detection0.start" value="config.bsp.option_setting.ofs1_sel.voltage_detection0.start.secure"/>
      <property id="config.bsp.option_setting.ofs1_sel.voltage_detection0.low_power_consumption" value="config.bsp.option_setting.ofs1_sel.voltage_detection0.low_power_consumption.secure"/>
      <property id="config.bsp.option_setting.ofs1_sel.swdbg" value="config.bsp.option_setting.ofs1_sel.swdbg.secure"/>
      <property id="config.bsp.option_setting.ofs1_sel.initeccen" value="config.bsp.option_setting.ofs1_sel.initeccen.secure"/>
      <property id="config.bsp.option_setting.ofs3" value="config.bsp.option_setting.ofs3.disabled"/>
      <property id="config.bsp.option_setting.ofs3.wdt1_start_mode" value="config.bsp.option_setting.ofs3.wdt1_start_mode.disabled"/>
      <property id="config.bsp.option_setting.ofs3.wdt1_timeout" value="config.bsp.option_setting.ofs3.wdt1_timeout.16384"/>
      <property id="config.bsp.option_setting.ofs3.wdt1_divisor" value="config.bsp.option_setting.ofs3.wdt1_divisor.128"/>
      <property id="config.bsp.option_setting.ofs3.wdt1_window_end" value="config.bsp.option_setting.ofs3.wdt1_window_end.0"/>
      <property id="config.bsp.option_setting.ofs3.wdt1_window_start" value="config.bsp.option_setting.ofs3.wdt1_window_start.100"/>
      <property id="config.bsp.option_setting.ofs3.wdt1_reset_interrupt" value="config.bsp.option_setting.ofs3.wdt1_reset_interrupt.Reset"/>
      <property id="config.bsp.option_setting.ofs3.wdt1_stop_control" value="config.bsp.option_setting.ofs3.wdt1_stop_control.stops"/>
      <property id="config.bsp.option_setting.ofs3_sec" value="config.bsp.option_setting.ofs3_sec.enabled"/>
      <property id="config.bsp.option_setting.ofs3_sec.wdt1_start_mode" value="config.bsp.option_setting.ofs3_sec.wdt1_start_mode.disabled"/>
      <property id="config.bsp.option_setting.ofs3_sec.wdt1_timeout" value="config.bsp.option_setting.ofs3_sec.wdt1_timeout.16384"/>
      <property id="config.bsp.option_setting.ofs3_sec.wdt1_divisor" value="config.bsp.option_setting.ofs3_sec.wdt1_divisor.128"/>
      <property id="config.bsp.option_setting.ofs3_sec.wdt1_window_end" value="config.bsp.option_setting.ofs3_sec.wdt1_window_end.0"/>
      <property id="config.bsp.option_setting.ofs3_sec.wdt1_window_start" value="config.bsp.option_setting.ofs3_sec.wdt1_window_start.100"/>
      <property id="config.bsp.option_setting.ofs3_sec.wdt1_reset_interrupt" value="config.bsp.option_setting.ofs3_sec.wdt1_reset_interrupt.Reset"/>
      <property id="config.bsp.option_setting.ofs3_sec.wdt1_stop_control" value="config.bsp.option_setting.ofs3_sec.wdt1_stop_control.stops"/>
      <property id="config.bsp.option_setting.ofs3_sel" value="config.bsp.option_setting.ofs3_sel.enabled"/>
      <property id="config.bsp.option_setting.ofs3_sel.wdt1_start_mode" value="config.bsp.option_setting.ofs3_sel.wdt1_start_mode.secure"/>
      <property id="config.bsp.option_setting.ofs3_sel.wdt1_timeout" value="config.bsp.option_setting.ofs3_sel.wdt1_timeout.secure"/>
      <property id="config.bsp.option_setting.ofs3_sel.wdt1_divisor" value="config.bsp.option_setting.ofs3_sel.wdt1_divisor.secure"/>
      <property id="config.bsp.option_setting.ofs3_sel.wdt1_window_end" value="config.bsp.option_setting.ofs3_sel.wdt1_window_end.secure"/>
      <property id="config.bsp.option_setting.ofs3_sel.wdt1_window_start" value="config.bsp.option_setting.ofs3_sel.wdt1_window_start.secure"/>
      <property id="config.bsp.option_setting.ofs3_sel.wdt1_reset_interrupt" value="config.bsp.option_setting.ofs3_sel.wdt1_reset_interrupt.secure"/>
      <property id="config.bsp.option_setting.ofs3_sel.wdt1_stop_control" value="config.bsp.option_setting.ofs3_sel.wdt1_stop_control.secure"/>
      <property id="config.bsp.option_setting.bps" value="config.bsp.option_setting.bps.disabled"/>
      <property id="config.bsp.option_setting.bps.0" value=""/>
      <property id="config.bsp.option_setting.bps.1" value=""/>
      <property id="config.bsp.option_setting.bps.2" value=""/>
      <property id="config.bsp.option_setting.bps.3" value=""/>
      <property id="config.bsp.option_setting.bps.4" value=""/>
      <property id="config.bsp.option_setting.bps.5" value=""/>
      <property id="config.bsp.option_setting.bps.6" value=""/>
      <property id="config.bsp.option_setting.bps.7" value=""/>
      <property id="config.bsp.option_setting.bps.8" value=""/>
      <property id="config.bsp.option_setting.bps.9" value=""/>
      <property id="config.bsp.option_setting.bps.10" value=""/>
      <property id="config.bsp.option_setting.bps.11" value=""/>
      <property id="config.bsp.option_setting.bps.12" value=""/>
      <property id="config.bsp.option_setting.bps.13" value=""/>
      <property id="config.bsp.option_setting.bps.14" value=""/>
      <property id="config.bsp.option_setting.bps.15" value=""/>
      <property id="config.bsp.option_setting.bps.16" value=""/>
      <property id="config.bsp.option_setting.bps_sec" value="config.bsp.option_setting.bps_sec.disabled"/>
      <property id="config.bsp.option_setting.bps_sec.0" value=""/>
      <property id="config.bsp.option_setting.bps_sec.1" value=""/>
      <property id="config.bsp.option_setting.bps_sec.2" value=""/>
      <property id="config.bsp.option_setting.bps_sec.3" value=""/>
      <property id="config.bsp.option_setting.bps_sec.4" value=""/>
      <property id="config.bsp.option_setting.bps_sec.5" value=""/>
      <property id="config.bsp.option_setting.bps_sec.6" value=""/>
      <property id="config.bsp.option_setting.bps_sec.7" value=""/>
      <property id="config.bsp.option_setting.bps_sec.8" value=""/>
      <property id="config.bsp.option_setting.bps_sec.9" value=""/>
      <property id="config.bsp.option_setting.bps_sec.10" value=""/>
      <property id="config.bsp.option_setting.bps_sec.11" value=""/>
      <property id="config.bsp.option_setting.bps_sec.12" value=""/>
      <property id="config.bsp.option_setting.bps_sec.13" value=""/>
      <property id="config.bsp.option_setting.bps_sec.14" value=""/>
      <property id="config.bsp.option_setting.bps_sec.15" value=""/>
      <property id="config.bsp.option_setting.bps_sec.16" value=""/>
      <property id="config.bsp.option_setting_otp.fsblctrl0" value="config.bsp.option_setting_otp.fsblctrl0.disabled"/>
      <property id="config.bsp.option_setting_otp.fsblctrl0.FSBLEN" value="config.bsp.option_setting_otp.fsblctrl0.FSBLEN.disabled"/>
      <property id="config.bsp.option_setting_otp.fsblctrl0.FSBLSKIPSW" value="config.bsp.option_setting_otp.fsblctrl0.FSBLSKIPSW.disabled"/>
      <property id="config.bsp.option_setting_otp.fsblctrl0.FSBLSKIPDS" value="config.bsp.option_setting_otp.fsblctrl0.FSBLSKIPDS.disabled"/>
      <property id="config.bsp.option_setting_otp.fsblctrl0.FSBLCLK" value="config.bsp.option_setting_otp.fsblctrl0.FSBLCLK.7"/>
      <property id="config.bsp.option_setting_otp.fsblctrl1" value="config.bsp.option_setting_otp.fsblctrl1.disabled"/>
      <property id="config.bsp.option_setting_otp.fsblctrl1.FSBLEXMD" value="config.bsp.option_setting_otp.fsblctrl1.FSBLEXMD.secure_report"/>
      <property id="config.bsp.option_setting_otp.fsblctrl2" value="config.bsp.option_setting_otp.fsblctrl2.disabled"/>
      <property id="config.bsp.option_setting_otp.fsblctrl2.PORTPN" value="config.bsp.option_setting_otp.fsblctrl2.PORTPN.15"/>
      <property id="config.bsp.option_setting_otp.fsblctrl2.PORTGN" value="config.bsp.option_setting_otp.fsblctrl2.PORTGN.reserved"/>
      <property id="config.bsp.option_setting_otp.samr" value="config.bsp.option_setting_otp.samr.disabled"/>
      <property id="config.bsp.option_setting_otp.samr.address" value="0xFFFFFFFF"/>
      <property id="config.bsp.option_setting_otp.sacc00" value="config.bsp.option_setting_otp.sacc00.disabled"/>
      <property id="config.bsp.option_setting_otp.sacc00.address" value="0xFFFFFFFF"/>
      <property id="config.bsp.option_setting_otp.sacc10" value="config.bsp.option_setting_otp.sacc10.disabled"/>
      <property id="config.bsp.option_setting_otp.sacc10.address" value="0xFFFFFFFF"/>
      <property id="config.bsp.option_setting_otp.sacc01" value="config.bsp.option_setting_otp.sacc01.disabled"/>
      <property id="config.bsp.option_setting_otp.sacc01.address" value="0xFFFFFFFF"/>
      <property id="config.bsp.option_setting_otp.sacc11" value="config.bsp.option_setting_otp.sacc11.disabled"/>
      <property id="config.bsp.option_setting_otp.sacc11.address" value="0xFFFFFFFF"/>
      <property id="config.bsp.option_setting_otp.sacc02" value="config.bsp.option_setting_otp.sacc02.disabled"/>
      <property id="config.bsp.option_setting_otp.sacc02.address" value="0xFFFFFFFF"/>
      <property id="config.bsp.option_setting_otp.sacc12" value="config.bsp.option_setting_otp.sacc12.disabled"/>
      <property id="config.bsp.option_setting_otp.sacc12.address" value="0xFFFFFFFF"/>
      <property id="config.bsp.option_setting_otp.sacc03" value="config.bsp.option_setting_otp.sacc03.disabled"/>
      <property id="config.bsp.option_setting_otp.sacc03.address" value="0xFFFFFFFF"/>
      <property id="config.bsp.option_setting_otp.sacc13" value="config.bsp.option_setting_otp.sacc13.disabled"/>
      <property id="config.bsp.option_setting_otp.sacc13.address" value="0xFFFFFFFF"/>
      <property id="config.bsp.option_setting_otp.pbps_sec" value="config.bsp.option_setting_otp.pbps_sec.disabled"/>
      <property id="config.bsp.option_setting_otp.pbps_sec.0" value=""/>
      <property id="config.bsp.option_setting_otp.pbps_sec.1" value=""/>
      <property id="config.bsp.option_setting_otp.pbps_sec.2" value=""/>
      <property id="config.bsp.option_setting_otp.pbps_sec.3" value=""/>
      <property id="config.bsp.option_setting_otp.pbps_sec.4" value=""/>
      <property id="config.bsp.option_setting_otp.pbps_sec.5" value=""/>
      <property id="config.bsp.option_setting_otp.pbps_sec.6" value=""/>
      <property id="config.bsp.option_setting_otp.pbps_sec.7" value=""/>
      <property id="config.bsp.option_setting_otp.pbps_sec.8" value=""/>
      <property id="config.bsp.option_setting_otp.pbps_sec.9" value=""/>
      <property id="config.bsp.option_setting_otp.pbps_sec.10" value=""/>
      <property id="config.bsp.option_setting_otp.pbps_sec.11" value=""/>
      <property id="config.bsp.option_setting_otp.pbps_sec.12" value=""/>
      <property id="config.bsp.option_setting_otp.pbps_sec.13" value=""/>
      <property id="config.bsp.option_setting_otp.pbps_sec.14" value=""/>
      <property id="config.bsp.option_setting_otp.pbps_sec.15" value=""/>
      <property id="config.bsp.option_setting_otp.pbps_sec.16" value=""/>
      <property id="config.bsp.option_setting_otp.pbps" value="config.bsp.option_setting_otp.pbps.disabled"/>
      <property id="config.bsp.option_setting_otp.pbps.0" value=""/>
      <property id="config.bsp.option_setting_otp.pbps.1" value=""/>
      <property id="config.bsp.option_setting_otp.pbps.2" value=""/>
      <property id="config.bsp.option_setting_otp.pbps.3" value=""/>
      <property id="config.bsp.option_setting_otp.pbps.4" value=""/>
      <property id="config.bsp.option_setting_otp.pbps.5" value=""/>
      <property id="config.bsp.option_setting_otp.pbps.6" value=""/>
      <property id="config.bsp.option_setting_otp.pbps.7" value=""/>
      <property id="config.bsp.option_setting_otp.pbps.8" value=""/>
      <property id="config.bsp.option_setting_otp.pbps.9" value=""/>
      <property id="config.bsp.option_setting_otp.pbps.10" value=""/>
      <property id="config.bsp.option_setting_otp.pbps.11" value=""/>
      <property id="config.bsp.option_setting_otp.pbps.12" value=""/>
      <property id="config.bsp.option_setting_otp.pbps.13" value=""/>
      <property id="config.bsp.option_setting_otp.pbps.14" value=""/>
      <property id="config.bsp.option_setting_otp.pbps.15" value=""/>
      <property id="config.bsp.option_setting_otp.pbps.16" value=""/>
      <property id="config.bsp.option_setting_otp.zhuk" value="config.bsp.option_setting_otp.zhuk.disabled"/>
      <property id="config.bsp.option_setting_otp.zhuk.zhuken0" value="config.bsp.option_setting_otp.zhuk.zhuken0.disabled"/>
      <property id="config.bsp.option_setting_otp.zhuk.zhuken1" value="config.bsp.option_setting_otp.zhuk.zhuken1.disabled"/>
      <property id="config.bsp.option_setting_otp.zhuk.zhuken2" value="config.bsp.option_setting_otp.zhuk.zhuken2.disabled"/>
      <property id="config.bsp.option_setting_otp.zhuk.zhuken3" value="config.bsp.option_setting_otp.zhuk.zhuken3.disabled"/>
    </config>
    <config id="config.bsp.ra">
      <property id="config.bsp.common.main" value="0x4000"/>
      <property id="config.bsp.common.heap" value="0x8000"/>
      <property id="config.bsp.common.bootloader.xip_enable" value="config.bsp.common.bootloader.xip_enable.disabled"/>
      <property id="config.bsp.common.vcc" value="3300"/>
      <property id="config.bsp.common.checking" value="config.bsp.common.checking.disabled"/>
      <property id="config.bsp.common.assert" value="config.bsp.common.assert.none"/>
      <property id="config.bsp.common.soft_reset" value="config.bsp.common.soft_reset.disabled"/>
      <property id="config.bsp.common.main_osc_populated" value="config.bsp.common.main_osc_populated.enabled"/>
      <property id="config.bsp.common.pfs_protect" value="config.bsp.common.pfs_protect.enabled"/>
      <property id="config.bsp.common.c_runtime_init" value="config.bsp.common.c_runtime_init.enabled"/>
      <property id="config.bsp.common.early_init" value="config.bsp.common.early_init.disabled"/>
      <property id="config.bsp.common.main_osc_clock_source" value="config.bsp.common.main_osc_clock_source.crystal"/>
      <property id="config.bsp.common.subclock_populated" value="config.bsp.common.subclock_populated.enabled"/>
      <property id="config.bsp.common.subclock_drive" value="config.bsp.common.subclock_drive.standard"/>
      <property id="config.bsp.common.subclock_stabilization_ms" value="1000"/>
    </config>
  </raBspConfiguration>
  <raClockConfiguration>
    <node id="board.clock.xtal.freq" mul="24000000" option="_edit"/>
    <node id="board.clock.hoco.freq" option="board.clock.hoco.freq.48m"/>
    <node id="board.clock.loco.freq" option="board.clock.loco.freq.32768"/>
    <node id="board.clock.moco.freq" option="board.clock.moco.freq.8m"/>
    <node id="board.clock.subclk.freq" option="board.clock.subclk.freq.32768"/>
    <node id="board.clock.pll.source" option="board.clock.pll.source.xtal"/>
    <node id="board.clock.pll.div" option="board.clock.pll.div.3"/>
    <node id="board.clock.pll.mul" option="board.clock.pll.mul.250_00"/>
    <node id="board.clock.pll.display" option="board.clock.pll.display.value"/>
    <node id="board.clock.pll1p.div" option="board.clock.pll1p.div.2"/>
    <node id="board.clock.pll1p.display" option="board.clock.pll1p.display.value"/>
    <node id="board.clock.pll1q.div" option="board.clock.pll1q.div.6"/>
    <node id="board.clock.pll1q.display" option="board.clock.pll1q.display.value"/>
    <node id="board.clock.pll1r.div" option="board.clock.pll1r.div.5"/>
    <node id="board.clock.pll1r.display" option="board.clock.pll1r.display.value"/>
    <node id="board.clock.pll2.source" option="board.clock.pll2.source.disabled"/>
    <node id="board.clock.pll2.div" option="board.clock.pll2.div.3"/>
    <node id="board.clock.pll2.mul" option="board.clock.pll2.mul.300_00"/>
    <node id="board.clock.pll2.display" option="board.clock.pll2.display.value"/>
    <node id="board.clock.pll2p.div" option="board.clock.pll2p.div.4"/>
    <node id="board.clock.pll2p.display" option="board.clock.pll2p.display.value"/>
    <node id="board.clock.pll2q.div" option="board.clock.pll2q.div.3"/>
    <node id="board.clock.pll2q.display" option="board.clock.pll2q.display.value"/>
    <node id="board.clock.pll2r.div" option="board.clock.pll2r.div.5"/>
    <node id="board.clock.pll2r.display" option="board.clock.pll2r.display.value"/>
    <node id="board.clock.clock.source" option="board.clock.clock.source.pll1p"/>
    <node id="board.clock.cpuclk.div" option="board.clock.cpuclk.div.1"/>
    <node id="board.clock.cpuclk.display" option="board.clock.cpuclk.display.value"/>
    <node id="board.clock.cpuclk1.div" option="board.clock.cpuclk1.div.4"/>
    <node id="board.clock.cpuclk1.display" option="board.clock.cpuclk1.display.value"/>
    <node id="board.clock.mriclk.div" option="board.clock.mriclk.div.4"/>
    <node id="board.clock.mriclk.display" option="board.clock.mriclk.display.value"/>
    <node id="board.clock.mrpclk.div" option="board.clock.mrpclk.div.8"/>
    <node id="board.clock.mrpclk.display" option="board.clock.mrpclk.display.value"/>
    <node id="board.clock.iclk.div" option="board.clock.iclk.div.4"/>
    <node id="board.clock.iclk.display" option="board.clock.iclk.display.value"/>
    <node id="board.clock.pclka.div" option="board.clock.pclka.div.8"/>
    <node id="board.clock.pclka.display" option="board.clock.pclka.display.value"/>
    <node id="board.clock.pclkb.div" option="board.clock.pclkb.div.16"/>
    <node id="board.clock.pclkb.display" option="board.clock.pclkb.display.value"/>
    <node id="board.clock.pclkc.div" option="board.clock.pclkc.div.8"/>
    <node id="board.clock.pclkc.display" option="board.clock.pclkc.display.value"/>
    <node id="board.clock.pclkd.div" option="board.clock.pclkd.div.4"/>
    <node id="board.clock.pclkd.display" option="board.clock.pclkd.display.value"/>
    <node id="board.clock.pclke.div" option="board.clock.pclke.div.4"/>
    <node id="board.clock.pclke.display" option="board.clock.pclke.display.value"/>
    <node id="board.clock.bclk.div" option="board.clock.bclk.div.8"/>
    <node id="board.clock.bclk.display" option="board.clock.bclk.display.value"/>
    <node id="board.clock.bclka.source" option="board.clock.bclka.source.disabled"/>
    <node id="board.clock.bclka.div" option="board.clock.bclka.div.6"/>
    <node id="board.clock.bclka.display" option="board.clock.bclka.display.value"/>
    <node id="board.clock.sdclkout.enable" option="board.clock.sdclkout.enable.enabled"/>
    <node id="board.clock.sdclkout.display" option="board.clock.sdclkout.display.value"/>
    <node id="board.clock.ebclk.source" option="board.clock.ebclk.source.bclk"/>
    <node id="board.clock.bclkout.div" option="board.clock.bclkout.div.2"/>
    <node id="board.clock.bclkout.display" option="board.clock.bclkout.display.value"/>
    <node id="board.clock.clkout.source" option="board.clock.clkout.source.disabled"/>
    <node id="board.clock.clkout.div" option="board.clock.clkout.div.1"/>
    <node id="board.clock.clkout.display" option="board.clock.clkout.display.value"/>
    <node id="board.clock.sciclk.source" option="board.clock.sciclk.source.disabled"/>
    <node id="board.clock.sciclk.div" option="board.clock.sciclk.div.4"/>
    <node id="board.clock.sciclk.display" option="board.clock.sciclk.display.value"/>
    <node id="board.clock.spiclk.source" option="board.clock.spiclk.source.disabled"/>
    <node id="board.clock.spiclk.div" option="board.clock.spiclk.div.1"/>
    <node id="board.clock.spiclk.display" option="board.clock.spiclk.display.value"/>
    <node id="board.clock.canfdclk.source" option="board.clock.canfdclk.source.disabled"/>
    <node id="board.clock.canfdclk.div" option="board.clock.canfdclk.div.6"/>
    <node id="board.clock.canfdclk.display" option="board.clock.canfdclk.display.value"/>
    <node id="board.clock.gptclk.source" option="board.clock.gptclk.source.disabled"/>
    <node id="board.clock.gptclk.div" option="board.clock.gptclk.div.2"/>
    <node id="board.clock.gptclk.display" option="board.clock.gptclk.display.value"/>
    <node id="board.clock.gtclk.source" option="board.clock.gtclk.source.pclkd"/>
    <node id="board.clock.gtclk.display" option="board.clock.gtclk.display.value"/>
    <node id="board.clock.i3cclk.source" option="board.clock.i3cclk.source.disabled"/>
    <node id="board.clock.i3cclk.div" option="board.clock.i3cclk.div.4"/>
    <node id="board.clock.i3cclk.display" option="board.clock.i3cclk.display.value"/>
    <node id="board.clock.uck.source" option="board.clock.uck.source.disabled"/>
    <node id="board.clock.uck.div" option="board.clock.uck.div.10"/>
    <node id="board.clock.uck.display" option="board.clock.uck.display.value"/>
    <node id="board.clock.octaspiclk.source" option="board.clock.octaspiclk.source.disabled"/>
    <node id="board.clock.octaspiclk.div" option="board.clock.octaspiclk.div.1"/>
    <node id="board.clock.octaspiclk.display" option="board.clock.octaspiclk.display.value"/>
    <node id="board.clock.adcclk.source" option="board.clock.adcclk.source.disabled"/>
    <node id="board.clock.adcclk.div" option="board.clock.adcclk.div.4"/>
    <node id="board.clock.adcclk.display" option="board.clock.adcclk.display.value"/>
    <node id="board.clock.eswclk.source" option="board.clock.eswclk.source.disabled"/>
    <node id="board.clock.eswclk.div" option="board.clock.eswclk.div.4"/>
    <node id="board.clock.eswclk.display" option="board.clock.eswclk.display.value"/>
    <node id="board.clock.eswphyclk.source" option="board.clock.eswphyclk.source.disabled"/>
    <node id="board.clock.eswphyclk.div" option="board.clock.eswphyclk.div.2"/>
    <node id="board.clock.eswphyclk.display" option="board.clock.eswphyclk.display.value"/>
    <node id="board.clock.ethphyclk.source" option="board.clock.ethphyclk.source.pll1r"/>
    <node id="board.clock.ethphyclk.div" option="board.clock.ethphyclk.div.16"/>
    <node id="board.clock.ethphyclk.display" option="board.clock.ethphyclk.display.value"/>
    <node id="board.clock.escclk.source" option="board.clock.escclk.source.pll1r"/>
    <node id="board.clock.escclk.div" option="board.clock.escclk.div.4"/>
    <node id="board.clock.escclk.display" option="board.clock.escclk.display.value"/>
    <node id="board.clock.dsmifclk.source" option="board.clock.dsmifclk.source.disabled"/>
    <node id="board.clock.dsmifclk.div" option="board.clock.dsmifclk.div.2"/>
    <node id="board.clock.dsmifclk.display" option="board.clock.dsmifclk.display.value"/>
  </raClockConfiguration>
  <raComponentSelection>
    <component apiversion="" class="Projects" condition="" group="all" subgroup="common" variant="" vendor="Renesas" version="6.1.0">
      <description>Common source for all template projects.</description>
      <originalPack>Renesas.RA_common.6.1.0.pack</originalPack>
    </component>
    <component apiversion="" class="Common" condition="" group="all" subgroup="fsp_common" variant="" vendor="Renesas" version="6.1.0">
      <description>Board Support Package Common Files</description>
      <originalPack>Renesas.RA.6.1.0.pack</originalPack>
    </component>
    <component apiversion="" class="HAL Drivers" condition="" group="all" subgroup="r_ioport" variant="" vendor="Renesas" version="6.1.0">
      <description>I/O Port</description>
      <originalPack>Renesas.RA.6.1.0.pack</originalPack>
    </component>
    <component apiversion="" class="CMSIS" condition="" group="Main" subgroup="CoreM" variant="" vendor="Arm" version="6.1.0+fsp.6.1.0">
      <description>Arm CMSIS Version 6 - Core (M)</description>
      <originalPack>Arm.CMSIS6.6.1.0+fsp.6.1.0.pack</originalPack>
    </component>
    <component apiversion="" class="BSP" condition="" group="ra8t2" subgroup="device" variant="R7KA8T2LFLCAC" vendor="Renesas" version="6.1.0">
      <description>Board support package for R7KA8T2LFLCAC</description>
      <originalPack>Renesas.RA_mcu_ra8t2.6.1.0.pack</originalPack>
    </component>
    <component apiversion="" class="BSP" condition="" group="ra8t2" subgroup="device" variant="" vendor="Renesas" version="6.1.0">
      <description>Board support package for RA8T2</description>
      <originalPack>Renesas.RA_mcu_ra8t2.6.1.0.pack</originalPack>
    </component>
    <component apiversion="" class="BSP" condition="" group="ra8t2" subgroup="fsp" variant="" vendor="Renesas" version="6.1.0">
      <description>Board support package for RA8T2 - FSP Data</description>
      <originalPack>Renesas.RA_mcu_ra8t2.6.1.0.pack</originalPack>
    </component>
    <component apiversion="" class="BSP" condition="" group="ra8t2" subgroup="events" variant="" vendor="Renesas" version="6.1.0">
      <description>Board support package for RA8T2 - Events</description>
      <originalPack>Renesas.RA_mcu_ra8t2.6.1.0.pack</originalPack>
    </component>
    <component apiversion="" class="BSP" condition="" group="ra8t2" subgroup="linker" variant="" vendor="Renesas" version="6.1.0">
      <description>Board support package for RA8T2 - Linker</description>
      <originalPack>Renesas.RA_mcu_ra8t2.6.1.0.pack</originalPack>
    </component>
    <component apiversion="" class="BSP" condition="" group="Board" subgroup="custom" variant="" vendor="Renesas" version="6.1.0">
      <description>Custom Board Support Files</description>
      <originalPack>Renesas.RA_board_custom.6.1.0.pack</originalPack>
    </component>
    <component apiversion="" class="HAL Drivers" condition="" group="all" subgroup="r_ethercat_phy" variant="" vendor="Renesas" version="6.1.0">
      <description>EtherCAT PHY</description>
      <originalPack>Renesas.RA.6.1.0.pack</originalPack>
    </component>
    <component apiversion="" class="HAL Drivers" condition="" group="all" subgroup="r_gpt" variant="" vendor="Renesas" version="6.1.0">
      <description>General PWM Timer</description>
      <originalPack>Renesas.RA.6.1.0.pack</originalPack>
    </component>
    <component apiversion="" class="Middleware" condition="" group="all" subgroup="rm_ethercat_ssc_port" variant="" vendor="Renesas" version="6.1.0">
      <description>EtherCAT Slave Stack Code port for RA microprocessors</description>
      <originalPack>Renesas.RA.6.1.0.pack</originalPack>
    </component>
  </raComponentSelection>
  <raElcConfiguration/>
  <raIcuConfiguration/>
  <raLinkMapConfiguration/>
  <raModuleConfiguration>
    <module id="module.driver.ioport_on_ioport.0">
      <property id="module.driver.ioport.name" value="g_ioport"/>
      <property id="module.driver.ioport.elc_trigger_ioport1" value="_disabled"/>
      <property id="module.driver.ioport.elc_trigger_ioport2" value="_disabled"/>
      <property id="module.driver.ioport.elc_trigger_ioport3" value="_disabled"/>
      <property id="module.driver.ioport.elc_trigger_ioport4" value="_disabled"/>
      <property id="module.driver.ioport.pincfg" value="g_bsp_pin_cfg"/>
    </module>
    <module id="module.middleware.ethercat_ssc_port_on_ethercat_ssc_port.1216658006">
      <property id="module.middleware.ethercat_ssc_port.name" value="g_ethercat_ssc_port0"/>
      <property id="module.middleware.ethercat_ssc_port.phy_hold_time" value="1"/>
      <property id="module.middleware.ethercat_ssc_port.phy_wait_time" value="15000"/>
      <property id="module.middleware.ethercat_ssc_port.phy_offset_address" value="0"/>
      <property id="module.middleware.ethercat_ssc_port.eeprom_size" value="module.middleware.ethercat_ssc_port.eeprom_size.under_32kbit"/>
      <property id="module.middleware.ethercat_ssc_port.tx_signal_delay_port0" value="module.middleware.ethercat_ssc_port.tx_signal_delay_port0.delay_00ns"/>
      <property id="module.middleware.ethercat_ssc_port.tx_signal_delay_port1" value="module.middleware.ethercat_ssc_port.tx_signal_delay_port1.delay_00ns"/>
      <property id="module.middleware.ethercat_ssc_port.esc_cat_interrupt_priority" value="board.icu.common.irq.priority12"/>
      <property id="module.middleware.ethercat_ssc_port.esc_sync0_interrupt_priority" value="board.icu.common.irq.priority12"/>
      <property id="module.middleware.ethercat_ssc_port.esc_sync1_interrupt_priority" value="board.icu.common.irq.priority12"/>
      <property id="module.middleware.ethercat_ssc_port.p_callback" value="NULL"/>
    </module>
    <module id="module.middleware.ethercat_ssc_port.hardware.210800967">
      <property id="module.middleware.ethercat_ssc_port.hardware.name" value="g_ethercat_ssc_port0"/>
    </module>
    <module id="module.driver.ether_phy_on_ethercat_phy.1759955777">
      <property id="module.driver.ether_phy.name" value="g_ethercat_phy0"/>
      <property id="module.driver.ether_phy.channel" value="module.driver.ether_phy.channel.0"/>
      <property id="module.driver.ether_phy.phy_lsi_address" value="1"/>
      <property id="module.driver.ether_phy.phy_reset_wait_time" value="0x00020000"/>
      <property id="module.driver.ether_phy.mii_type" value="module.driver.ether_phy.mii_type.rmii"/>
      <property id="module.driver.ether_phy.phy_lsi_type" value="module.driver.ether_phy.phy_lsi_type.custom"/>
      <property id="module.driver.ethercat_phy.target_init" value="NULL"/>
      <property id="module.driver.ethercat_phy.target_link_partner_ability_get" value="NULL"/>
      <property id="module.driver.ether_phy.mii_bit_access_wait_time" value="8"/>
      <property id="module.driver.ether_phy.flow_control" value="module.driver.ether_phy.flow_control.0"/>
    </module>
    <module id="module.driver.ether_phy_on_ethercat_phy.924059228">
      <property id="module.driver.ether_phy.name" value="g_ethercat_phy1"/>
      <property id="module.driver.ether_phy.channel" value="module.driver.ether_phy.channel.1"/>
      <property id="module.driver.ether_phy.phy_lsi_address" value="2"/>
      <property id="module.driver.ether_phy.phy_reset_wait_time" value="0x00020000"/>
      <property id="module.driver.ether_phy.mii_type" value="module.driver.ether_phy.mii_type.rmii"/>
      <property id="module.driver.ether_phy.phy_lsi_type" value="module.driver.ether_phy.phy_lsi_type.custom"/>
      <property id="module.driver.ethercat_phy.target_init" value="NULL"/>
      <property id="module.driver.ethercat_phy.target_link_partner_ability_get" value="NULL"/>
      <property id="module.driver.ether_phy.mii_bit_access_wait_time" value="8"/>
      <property id="module.driver.ether_phy.flow_control" value="module.driver.ether_phy.flow_control.0"/>
    </module>
    <module id="module.driver.timer_on_gpt.490177954">
      <property id="module.driver.timer.name" value="g_timer0"/>
      <property id="module.driver.timer.channel" value="0"/>
      <property id="module.driver.timer.mode" value="module.driver.timer.mode.mode_periodic"/>
      <property id="module.driver.timer.period" value="0x10000"/>
      <property id="module.driver.timer.compare_match.a.status" value="module.driver.timer.compare_match.a.status.disabled"/>
      <property id="module.driver.timer.compare_match.a.value" value="0"/>
      <property id="module.driver.timer.compare_match.b.status" value="module.driver.timer.compare_match.b.status.disabled"/>
      <property id="module.driver.timer.compare_match.b.value" value="0"/>
      <property id="module.driver.timer.unit" value="module.driver.timer.unit.unit_period_raw_counts"/>
      <property id="module.driver.timer.gtior.gtioa.initial_output_level" value="module.driver.timer.gtior.gtioa.initial_output_level.low"/>
      <property id="module.driver.timer.gtior.gtioa.cycle_end_output_level" value="module.driver.timer.gtior.gtioa.cycle_end_output_level.retain"/>
      <property id="module.driver.timer.gtior.gtioa.compare_match_output_level" value="module.driver.timer.gtior.gtioa.compare_match_output_level.retain"/>
      <property id="module.driver.timer.gtior.gtioa.count_stop_retain" value="module.driver.timer.gtior.gtioa.count_stop_retain.disabled"/>
      <property id="module.driver.timer.gtior.gtiob.initial_output_level" value="module.driver.timer.gtior.gtiob.initial_output_level.low"/>
      <property id="module.driver.timer.gtior.gtiob.cycle_end_output_level" value="module.driver.timer.gtior.gtiob.cycle_end_output_level.retain"/>
      <property id="module.driver.timer.gtior.gtiob.compare_match_output_level" value="module.driver.timer.gtior.gtiob.compare_match_output_level.retain"/>
      <property id="module.driver.timer.gtior.gtiob.count_stop_retain" value="module.driver.timer.gtior.gtiob.count_stop_retain.disabled"/>
      <property id="module.driver.timer.gtior.custom_waveform_enable" value="module.driver.timer.gtior.custom_waveform_enable.disabled"/>
      <property id="module.driver.timer.duty_cycle" value="50"/>
      <property id="module.driver.timer.gtioca_output_enabled" value="module.driver.timer.gtioca_output_enabled.false"/>
      <property id="module.driver.timer.gtioca_stop_level" value="module.driver.timer.gtioca_stop_level.pin_level_low"/>
      <property id="module.driver.timer.gtiocb_output_enabled" value="module.driver.timer.gtiocb_output_enabled.false"/>
      <property id="module.driver.timer.gtiocb_stop_level" value="module.driver.timer.gtiocb_stop_level.pin_level_low"/>
      <property id="module.driver.timer.count_up_source" value=""/>
      <property id="module.driver.timer.count_down_source" value=""/>
      <property id="module.driver.timer.start_source" value=""/>
      <property id="module.driver.timer.stop_source" value=""/>
      <property id="module.driver.timer.clear_source" value=""/>
      <property id="module.driver.timer.capture_a_source" value=""/>
      <property id="module.driver.timer.capture_b_source" value=""/>
      <property id="module.driver.timer.gtioca_filter" value="module.driver.timer.gtioc_filter.gtioc_filter_none"/>
      <property id="module.driver.timer.gtiocb_filter" value="module.driver.timer.gtioc_filter.gtioc_filter_none"/>
      <property id="module.driver.timer.gtioca_polarity" value="module.driver.timer.gtioc_polarity.normal"/>
      <property id="module.driver.timer.gtiocb_polarity" value="module.driver.timer.gtioc_polarity.normal"/>
      <property id="module.driver.timer.p_callback" value="NULL"/>
      <property id="module.driver.timer.ipl" value="board.icu.common.irq.priority15"/>
      <property id="module.driver.timer.capture_a_ipl" value="_disabled"/>
      <property id="module.driver.timer.capture_b_ipl" value="_disabled"/>
      <property id="module.driver.timer.trough_ipl" value="_disabled"/>
      <property id="module.driver.timer.extra" value="module.driver.timer.extra.disabled"/>
      <property id="module.driver.timer.poeg_link" value="enum.driver.poeg.channels.poeg_link_poeg0"/>
      <property id="module.driver.timer.output_disable" value=""/>
      <property id="module.driver.timer.adc_trigger" value=""/>
      <property id="module.driver.timer.adc_a_compare_match" value="0"/>
      <property id="module.driver.timer.adc_b_compare_match" value="0"/>
      <property id="module.driver.timer.dead_time_count_up" value="0"/>
      <property id="module.driver.timer.dead_time_count_down" value="0"/>
      <property id="module.driver.timer.interrupt_skip.source" value="module.driver.timer.interrupt_skip.source.none"/>
      <property id="module.driver.timer.interrupt_skip.count" value="module.driver.timer.interrupt_skip.count.count_0"/>
      <property id="module.driver.timer.interrupt_skip.adc" value="module.driver.timer.interrupt_skip.skip_sources.interrupt_skip.adc.none"/>
      <property id="module.driver.timer.gtioca_disable_setting" value="module.driver.timer.gtioca_disable_setting.gtioc_disable_prohibited"/>
      <property id="module.driver.timer.gtiocb_disable_setting" value="module.driver.timer.gtiocb_disable_setting.gtioc_disable_prohibited"/>
    </module>
    <context id="_hal.0">
      <stack module="module.driver.ioport_on_ioport.0"/>
      <stack module="module.middleware.ethercat_ssc_port_on_ethercat_ssc_port.1216658006">
        <stack module="module.driver.ether_phy_on_ethercat_phy.1759955777" requires="module.middleware.ethercat_ssc_port.requires.ether_phy0"/>
        <stack module="module.driver.ether_phy_on_ethercat_phy.924059228" requires="module.middleware.ethercat_ssc_port.requires.ether_phy1"/>
        <stack module="module.driver.timer_on_gpt.490177954" requires="module.middleware.ethercat_ssc_port.requires.timer"/>
        <stack module="module.middleware.ethercat_ssc_port.hardware.210800967" requires="module.middleware.ethercat_ssc_port.requires.hardware"/>
      </stack>
    </context>
    <config id="config.middleware.ethercat_ssc_port">
      <property id="config.middleware.ethercat_ssc_port.param_checking_enable" value="config.middleware.ethercat_ssc_port.param_checking_enable.bsp"/>
      <property id="config.middleware.ethercat_ssc_port.link_polarity0" value="config.middleware.ethercat_ssc_port.link_polarity0.low"/>
      <property id="config.middleware.ethercat_ssc_port.link_polarity1" value="config.middleware.ethercat_ssc_port.link_polarity1.high"/>
    </config>
    <config id="config.middleware.ethercat_ssc_port.hardware">
      <property id="config.middleware.rm_ethercat_ssc_port.hardware.name" value="g_ethercat_ssc_port0"/>
    </config>
    <config id="config.driver.ethercat_phy">
      <property id="config.driver.ethercat_phy.param_checking_enable" value="config.driver.ethercat_phy.param_checking_enable.bsp"/>
      <property id="config.driver.ethercat_phy.target_ics1894" value="config.driver.ethercat_phy.target_ics1894.disabled"/>
      <property id="config.driver.ethercat_phy.use_custom_phy_lsi" value="config.driver.ethercat_phy.use_custom_phy_lsi.enabled"/>
    </config>
    <config id="config.driver.gpt">
      <property id="config.driver.gpt.param_checking_enable" value="config.driver.gpt.param_checking_enable.bsp"/>
      <property id="config.driver.gpt.output_support_enable" value="config.driver.gpt.output_support_enable.disabled"/>
      <property id="config.driver.gpt.write_protect_enable" value="config.driver.gpt.write_protect_enable.disabled"/>
    </config>
    <config id="config.driver.ioport">
      <property id="config.driver.ioport.checking" value="config.driver.ioport.checking.system"/>
      <property id="config.driver.ioport.ccd_support_enable" value="config.driver.ioport.ccd_support_enable.disabled"/>
    </config>
  </raModuleConfiguration>
  <raPinConfiguration>
    <pincfg active="true" name="R7KA8T2LFLCAC.pincfg" selected="true" symbol="g_bsp_pin_cfg">
      <configSetting altId="esc.cat0_mdc.p708" configurationId="esc.cat0_mdc"/>
      <configSetting altId="esc.cat0_mdio.p709" configurationId="esc.cat0_mdio"/>
      <configSetting altId="esc.cati2cclk.p403" configurationId="esc.cati2cclk"/>
      <configSetting altId="esc.cati2cdata.p404" configurationId="esc.cati2cdata"/>
      <configSetting altId="esc.catirq.pb09" configurationId="esc.catirq"/>
      <configSetting altId="esc.catlederr.pb11" configurationId="esc.catlederr"/>
      <configSetting altId="esc.catledrun.pb08" configurationId="esc.catledrun"/>
      <configSetting altId="esc.catledster.pb10" configurationId="esc.catledster"/>
      <configSetting altId="esc.catlinkact0.pb12" configurationId="esc.catlinkact0"/>
      <configSetting altId="esc.catlinkact1.pb13" configurationId="esc.catlinkact1"/>
      <configSetting altId="esc.catresetout.p711" configurationId="esc.catresetout"/>
      <configSetting altId="esc.catsync0.pb14" configurationId="esc.catsync0"/>
      <configSetting altId="esc.catsync1.p714" configurationId="esc.catsync1"/>
      <configSetting altId="esc.mode.custom.free" configurationId="esc.mode"/>
      <configSetting altId="esc0.cat0_erxd0.p702" configurationId="esc0.cat0_erxd0"/>
      <configSetting altId="esc0.cat0_erxd1.p701" configurationId="esc0.cat0_erxd1"/>
      <configSetting altId="esc0.cat0_erxd2.p700" configurationId="esc0.cat0_erxd2"/>
      <configSetting altId="esc0.cat0_erxd3.p406" configurationId="esc0.cat0_erxd3"/>
      <configSetting altId="esc0.cat0_etxd0.pb00" configurationId="esc0.cat0_etxd0"/>
      <configSetting altId="esc0.cat0_etxd1.pb02" configurationId="esc0.cat0_etxd1"/>
      <configSetting altId="esc0.cat0_etxd2.pb03" configurationId="esc0.cat0_etxd2"/>
      <configSetting altId="esc0.cat0_etxd3.pb04" configurationId="esc0.cat0_etxd3"/>
      <configSetting altId="esc0.cat0_linksta.p402" configurationId="esc0.cat0_linksta"/>
      <configSetting altId="esc0.cat0_rx_clk.p703" configurationId="esc0.cat0_rx_clk"/>
      <configSetting altId="esc0.cat0_rx_dv.p405" configurationId="esc0.cat0_rx_dv"/>
      <configSetting altId="esc0.cat0_rx_er.p704" configurationId="esc0.cat0_rx_er"/>
      <configSetting altId="esc0.cat0_tx_clk.pb01" configurationId="esc0.cat0_tx_clk"/>
      <configSetting altId="esc0.cat0_tx_en.p705" configurationId="esc0.cat0_tx_en"/>
      <configSetting altId="esc0.mode.custom.free" configurationId="esc0.mode"/>
      <configSetting altId="esc1.cat1_erxd0.p906" configurationId="esc1.cat1_erxd0"/>
      <configSetting altId="esc1.cat1_erxd1.p907" configurationId="esc1.cat1_erxd1"/>
      <configSetting altId="esc1.cat1_erxd2.p908" configurationId="esc1.cat1_erxd2"/>
      <configSetting altId="esc1.cat1_erxd3.p909" configurationId="esc1.cat1_erxd3"/>
      <configSetting altId="esc1.cat1_etxd0.p307" configurationId="esc1.cat1_etxd0"/>
      <configSetting altId="esc1.cat1_etxd1.p306" configurationId="esc1.cat1_etxd1"/>
      <configSetting altId="esc1.cat1_etxd2.p305" configurationId="esc1.cat1_etxd2"/>
      <configSetting altId="esc1.cat1_etxd3.p304" configurationId="esc1.cat1_etxd3"/>
      <configSetting altId="esc1.cat1_linksta.p511" configurationId="esc1.cat1_linksta"/>
      <configSetting altId="esc1.cat1_rx_clk.p905" configurationId="esc1.cat1_rx_clk"/>
      <configSetting altId="esc1.cat1_rx_dv.p206" configurationId="esc1.cat1_rx_dv"/>
      <configSetting altId="esc1.cat1_rx_er.p312" configurationId="esc1.cat1_rx_er"/>
      <configSetting altId="esc1.cat1_tx_clk.p311" configurationId="esc1.cat1_tx_clk"/>
      <configSetting altId="esc1.cat1_tx_en.p310" configurationId="esc1.cat1_tx_en"/>
      <configSetting altId="esc1.mode.custom.free" configurationId="esc1.mode"/>
      <configSetting altId="ethphyclk.ethphyclk.p308" configurationId="ethphyclk.ethphyclk"/>
      <configSetting altId="ethphyclk.mode.custom.free" configurationId="ethphyclk.mode"/>
      <configSetting altId="jtag_fslash_swd.mode.jtag.free" configurationId="jtag_fslash_swd.mode"/>
      <configSetting altId="jtag_fslash_swd.tck.p211" configurationId="jtag_fslash_swd.tck"/>
      <configSetting altId="jtag_fslash_swd.tdi.p208" configurationId="jtag_fslash_swd.tdi"/>
      <configSetting altId="jtag_fslash_swd.tdo.p209" configurationId="jtag_fslash_swd.tdo"/>
      <configSetting altId="jtag_fslash_swd.tms.p210" configurationId="jtag_fslash_swd.tms"/>
      <configSetting altId="p206.esc1.cat1_rx_dv" configurationId="p206"/>
      <configSetting altId="p206.gpio_mode.gpio_mode_peripheral" configurationId="p206.gpio_mode"/>
      <configSetting altId="p208.jtag_fslash_swd.tdi" configurationId="p208"/>
      <configSetting altId="p208.gpio_mode.gpio_mode_peripheral" configurationId="p208.gpio_mode"/>
      <configSetting altId="p209.jtag_fslash_swd.tdo" configurationId="p209"/>
      <configSetting altId="p209.gpio_mode.gpio_mode_peripheral" configurationId="p209.gpio_mode"/>
      <configSetting altId="p210.jtag_fslash_swd.tms" configurationId="p210"/>
      <configSetting altId="p210.gpio_mode.gpio_mode_peripheral" configurationId="p210.gpio_mode"/>
      <configSetting altId="p211.jtag_fslash_swd.tck" configurationId="p211"/>
      <configSetting altId="p211.gpio_mode.gpio_mode_peripheral" configurationId="p211.gpio_mode"/>
      <configSetting altId="p304.esc1.cat1_etxd3" configurationId="p304"/>
      <configSetting altId="p304.gpio_mode.gpio_mode_peripheral" configurationId="p304.gpio_mode"/>
      <configSetting altId="p305.esc1.cat1_etxd2" configurationId="p305"/>
      <configSetting altId="p305.gpio_mode.gpio_mode_peripheral" configurationId="p305.gpio_mode"/>
      <configSetting altId="p306.esc1.cat1_etxd1" configurationId="p306"/>
      <configSetting altId="p306.gpio_mode.gpio_mode_peripheral" configurationId="p306.gpio_mode"/>
      <configSetting altId="p307.esc1.cat1_etxd0" configurationId="p307"/>
      <configSetting altId="p307.gpio_mode.gpio_mode_peripheral" configurationId="p307.gpio_mode"/>
      <configSetting altId="p308.ethphyclk.ethphyclk" configurationId="p308"/>
      <configSetting altId="p308.gpio_mode.gpio_mode_peripheral" configurationId="p308.gpio_mode"/>
      <configSetting altId="p310.esc1.cat1_tx_en" configurationId="p310"/>
      <configSetting altId="p310.gpio_mode.gpio_mode_peripheral" configurationId="p310.gpio_mode"/>
      <configSetting altId="p311.esc1.cat1_tx_clk" configurationId="p311"/>
      <configSetting altId="p311.gpio_mode.gpio_mode_peripheral" configurationId="p311.gpio_mode"/>
      <configSetting altId="p312.esc1.cat1_rx_er" configurationId="p312"/>
      <configSetting altId="p312.gpio_mode.gpio_mode_peripheral" configurationId="p312.gpio_mode"/>
      <configSetting altId="p402.esc0.cat0_linksta" configurationId="p402"/>
      <configSetting altId="p402.gpio_mode.gpio_mode_peripheral" configurationId="p402.gpio_mode"/>
      <configSetting altId="p403.esc.cati2cclk" configurationId="p403"/>
      <configSetting altId="p403.gpio_mode.gpio_mode_peripheral" configurationId="p403.gpio_mode"/>
      <configSetting altId="p404.esc.cati2cdata" configurationId="p404"/>
      <configSetting altId="p404.gpio_mode.gpio_mode_peripheral" configurationId="p404.gpio_mode"/>
      <configSetting altId="p405.esc0.cat0_rx_dv" configurationId="p405"/>
      <configSetting altId="p405.gpio_mode.gpio_mode_peripheral" configurationId="p405.gpio_mode"/>
      <configSetting altId="p406.esc0.cat0_erxd3" configurationId="p406"/>
      <configSetting altId="p406.gpio_mode.gpio_mode_peripheral" configurationId="p406.gpio_mode"/>
      <configSetting altId="p511.esc1.cat1_linksta" configurationId="p511"/>
      <configSetting altId="p511.gpio_mode.gpio_mode_peripheral" configurationId="p511.gpio_mode"/>
      <configSetting altId="p700.esc0.cat0_erxd2" configurationId="p700"/>
      <configSetting altId="p700.gpio_mode.gpio_mode_peripheral" configurationId="p700.gpio_mode"/>
      <configSetting altId="p701.esc0.cat0_erxd1" configurationId="p701"/>
      <configSetting altId="p701.gpio_mode.gpio_mode_peripheral" configurationId="p701.gpio_mode"/>
      <configSetting altId="p702.esc0.cat0_erxd0" configurationId="p702"/>
      <configSetting altId="p702.gpio_mode.gpio_mode_peripheral" configurationId="p702.gpio_mode"/>
      <configSetting altId="p703.esc0.cat0_rx_clk" configurationId="p703"/>
      <configSetting altId="p703.gpio_mode.gpio_mode_peripheral" configurationId="p703.gpio_mode"/>
      <configSetting altId="p704.esc0.cat0_rx_er" configurationId="p704"/>
      <configSetting altId="p704.gpio_mode.gpio_mode_peripheral" configurationId="p704.gpio_mode"/>
      <configSetting altId="p705.esc0.cat0_tx_en" configurationId="p705"/>
      <configSetting altId="p705.gpio_mode.gpio_mode_peripheral" configurationId="p705.gpio_mode"/>
      <configSetting altId="p708.esc.cat0_mdc" configurationId="p708"/>
      <configSetting altId="p708.gpio_mode.gpio_mode_peripheral" configurationId="p708.gpio_mode"/>
      <configSetting altId="p709.esc.cat0_mdio" configurationId="p709"/>
      <configSetting altId="p709.gpio_mode.gpio_mode_peripheral" configurationId="p709.gpio_mode"/>
      <configSetting altId="p711.esc.catresetout" configurationId="p711"/>
      <configSetting altId="p711.gpio_mode.gpio_mode_peripheral" configurationId="p711.gpio_mode"/>
      <configSetting altId="p714.esc.catsync1" configurationId="p714"/>
      <configSetting altId="p714.gpio_mode.gpio_mode_peripheral" configurationId="p714.gpio_mode"/>
      <configSetting altId="p905.esc1.cat1_rx_clk" configurationId="p905"/>
      <configSetting altId="p905.gpio_mode.gpio_mode_peripheral" configurationId="p905.gpio_mode"/>
      <configSetting altId="p906.esc1.cat1_erxd0" configurationId="p906"/>
      <configSetting altId="p906.gpio_mode.gpio_mode_peripheral" configurationId="p906.gpio_mode"/>
      <configSetting altId="p907.esc1.cat1_erxd1" configurationId="p907"/>
      <configSetting altId="p907.gpio_mode.gpio_mode_peripheral" configurationId="p907.gpio_mode"/>
      <configSetting altId="p908.esc1.cat1_erxd2" configurationId="p908"/>
      <configSetting altId="p908.gpio_mode.gpio_mode_peripheral" configurationId="p908.gpio_mode"/>
      <configSetting altId="p909.esc1.cat1_erxd3" configurationId="p909"/>
      <configSetting altId="p909.gpio_mode.gpio_mode_peripheral" configurationId="p909.gpio_mode"/>
      <configSetting altId="pb00.esc0.cat0_etxd0" configurationId="pb00"/>
      <configSetting altId="pb00.gpio_mode.gpio_mode_peripheral" configurationId="pb00.gpio_mode"/>
      <configSetting altId="pb01.esc0.cat0_tx_clk" configurationId="pb01"/>
      <configSetting altId="pb01.gpio_mode.gpio_mode_peripheral" configurationId="pb01.gpio_mode"/>
      <configSetting altId="pb02.esc0.cat0_etxd1" configurationId="pb02"/>
      <configSetting altId="pb02.gpio_mode.gpio_mode_peripheral" configurationId="pb02.gpio_mode"/>
      <configSetting altId="pb03.esc0.cat0_etxd2" configurationId="pb03"/>
      <configSetting altId="pb03.gpio_mode.gpio_mode_peripheral" configurationId="pb03.gpio_mode"/>
      <configSetting altId="pb04.esc0.cat0_etxd3" configurationId="pb04"/>
      <configSetting altId="pb04.gpio_mode.gpio_mode_peripheral" configurationId="pb04.gpio_mode"/>
      <configSetting altId="pb08.esc.catledrun" configurationId="pb08"/>
      <configSetting altId="pb08.gpio_mode.gpio_mode_peripheral" configurationId="pb08.gpio_mode"/>
      <configSetting altId="pb09.esc.catirq" configurationId="pb09"/>
      <configSetting altId="pb09.gpio_mode.gpio_mode_peripheral" configurationId="pb09.gpio_mode"/>
      <configSetting altId="pb10.esc.catledster" configurationId="pb10"/>
      <configSetting altId="pb10.gpio_mode.gpio_mode_peripheral" configurationId="pb10.gpio_mode"/>
      <configSetting altId="pb11.esc.catlederr" configurationId="pb11"/>
      <configSetting altId="pb11.gpio_mode.gpio_mode_peripheral" configurationId="pb11.gpio_mode"/>
      <configSetting altId="pb12.esc.catlinkact0" configurationId="pb12"/>
      <configSetting altId="pb12.gpio_mode.gpio_mode_peripheral" configurationId="pb12.gpio_mode"/>
      <configSetting altId="pb13.esc.catlinkact1" configurationId="pb13"/>
      <configSetting altId="pb13.gpio_mode.gpio_mode_peripheral" configurationId="pb13.gpio_mode"/>
      <configSetting altId="pb14.esc.catsync0" configurationId="pb14"/>
      <configSetting altId="pb14.gpio_mode.gpio_mode_peripheral" configurationId="pb14.gpio_mode"/>
    </pincfg>
  </raPinConfiguration>
</raConfiguration>
