<doxygenlayout version="1.0">
  <!-- Generated by doxygen 1.9.2 -->
  <!-- Navigation index tabs for HTML output -->
  <navindex>
    <tab type="mainpage" visible="yes" title=""/>
    <tab type="pages" visible="yes" title="Usage and Description" intro=""/>
    <tab type="modules" visible="yes" title="Reference" intro=""/>
    <tab type="namespaces" visible="no" title="Namespaces">
      <tab type="namespacelist" visible="no" title="Namespace list" intro=""/>
      <tab type="namespacemembers" visible="no" title="Namespace members" intro=""/>
    </tab>
    <tab type="concepts" visible="yes" title="">
    </tab>
    <tab type="interfaces" visible="no" title="">
      <tab type="interfacelist" visible="no" title="" intro=""/>
      <tab type="interfaceindex" visible="no" title=""/>
      <tab type="interfacehierarchy" visible="no" title="" intro=""/>
    </tab>
    <tab type="classes" visible="no" title="Data Structures">
      <tab type="classlist" visible="no" title="" intro=""/>
      <tab type="classindex" visible="no" title=""/>
      <tab type="hierarchy" visible="no" title="" intro=""/>
      <tab type="classmembers" visible="no" title="" intro=""/>
    </tab>
    <tab type="structs" visible="no" title="">
      <tab type="structlist" visible="no" title="" intro=""/>
      <tab type="structindex" visible="no" title=""/>
    </tab>
    <tab type="exceptions" visible="no" title="">
      <tab type="exceptionlist" visible="no" title="" intro=""/>
      <tab type="exceptionindex" visible="$ALPHABETICAL_INDEX" title=""/>
      <tab type="exceptionhierarchy" visible="no" title="" intro=""/>
    </tab>
    <tab type="files" visible="no" title="Files">
      <tab type="filelist" visible="no" title="" intro=""/>
      <tab type="globals" visible="no" title="" intro=""/>
    </tab>
    <tab type="examples" visible="no" title="" intro=""/>
  </navindex>

  <!-- Layout definition for a class page -->
  <class>
    <briefdescription visible="yes"/>
    <includes visible="$SHOW_HEADERFILE"/>
    <inheritancegraph visible="$CLASS_GRAPH"/>
    <collaborationgraph visible="$COLLABORATION_GRAPH"/>
    <memberdecl>
      <nestedclasses visible="yes" title=""/>
      <publictypes title=""/>
      <services title=""/>
      <interfaces title=""/>
      <publicslots title=""/>
      <signals title=""/>
      <publicmethods title=""/>
      <publicstaticmethods title=""/>
      <publicattributes title=""/>
      <publicstaticattributes title=""/>
      <protectedtypes title=""/>
      <protectedslots title=""/>
      <protectedmethods title=""/>
      <protectedstaticmethods title=""/>
      <protectedattributes title=""/>
      <protectedstaticattributes title=""/>
      <packagetypes title=""/>
      <packagemethods title=""/>
      <packagestaticmethods title=""/>
      <packageattributes title=""/>
      <packagestaticattributes title=""/>
      <properties title=""/>
      <events title=""/>
      <privatetypes title=""/>
      <privateslots title=""/>
      <privatemethods title=""/>
      <privatestaticmethods title=""/>
      <privateattributes title=""/>
      <privatestaticattributes title=""/>
      <friends title=""/>
      <related title="" subtitle=""/>
      <membergroups visible="yes"/>
    </memberdecl>
    <detaileddescription title="Description"/>
    <memberdef>
      <inlineclasses title=""/>
      <typedefs title=""/>
      <enums title=""/>
      <services title=""/>
      <interfaces title=""/>
      <constructors title=""/>
      <functions title=""/>
      <related title=""/>
      <variables title=""/>
      <properties title=""/>
      <events title=""/>
    </memberdef>
    <allmemberslink visible="yes"/>
    <usedfiles visible="$SHOW_USED_FILES"/>
    <authorsection visible="yes"/>
  </class>

  <!-- Layout definition for a namespace page -->
  <namespace>
    <briefdescription visible="yes"/>
    <memberdecl>
      <nestednamespaces visible="yes" title=""/>
      <constantgroups visible="yes" title=""/>
      <interfaces visible="yes" title=""/>
      <classes visible="yes" title=""/>
      <concepts visible="yes" title=""/>
      <structs visible="yes" title=""/>
      <exceptions visible="yes" title=""/>
      <typedefs title=""/>
      <sequences title=""/>
      <dictionaries title=""/>
      <enums title=""/>
      <functions title=""/>
      <variables title=""/>
      <membergroups visible="yes"/>
    </memberdecl>
    <detaileddescription title=""/>
    <memberdef>
      <inlineclasses title=""/>
      <typedefs title=""/>
      <sequences title=""/>
      <dictionaries title=""/>
      <enums title=""/>
      <functions title=""/>
      <variables title=""/>
    </memberdef>
    <authorsection visible="yes"/>
  </namespace>

  <!-- Layout definition for a concept page -->
  <concept>
    <briefdescription visible="yes"/>
    <includes visible="$SHOW_HEADERFILE"/>
    <definition visible="yes" title=""/>
    <detaileddescription title=""/>
    <authorsection visible="yes"/>
  </concept>
  <!-- Layout definition for a file page -->
  <file>
    <briefdescription visible="yes"/>
    <includes visible="$SHOW_INCLUDE_FILES"/>
    <includegraph visible="$INCLUDE_GRAPH"/>
    <includedbygraph visible="$INCLUDED_BY_GRAPH"/>
    <sourcelink visible="yes"/>
    <memberdecl>
      <interfaces visible="yes" title=""/>
      <classes visible="yes" title=""/>
      <structs visible="yes" title=""/>
      <exceptions visible="yes" title=""/>
      <namespaces visible="yes" title=""/>
      <concepts visible="yes" title=""/>
      <constantgroups visible="yes" title=""/>
      <defines title=""/>
      <typedefs title=""/>
      <sequences title=""/>
      <dictionaries title=""/>
      <enums title=""/>
      <functions title=""/>
      <variables title=""/>
      <membergroups visible="yes"/>
    </memberdecl>
    <detaileddescription title=""/>
    <memberdef>
      <inlineclasses title=""/>
      <defines title=""/>
      <typedefs title=""/>
      <sequences title=""/>
      <dictionaries title=""/>
      <enums title=""/>
      <functions title=""/>
      <variables title=""/>
    </memberdef>
    <authorsection/>
  </file>

  <!-- Layout definition for a group page -->
  <group>
    <briefdescription visible="yes"/>
    <groupgraph visible="$GROUP_GRAPHS"/>
    <memberdecl>
      <nestedgroups visible="yes" title="Content"/>
      <dirs visible="yes" title=""/>
      <files visible="yes" title=""/>
      <namespaces visible="yes" title=""/>
      <concepts visible="yes" title=""/>
      <classes visible="yes" title=""/>
      <defines title=""/>
      <typedefs title=""/>
      <sequences title=""/>
      <dictionaries title=""/>
      <enums title=""/>
      <enumvalues title=""/>
      <functions title=""/>
      <variables title=""/>
      <signals title=""/>
      <publicslots title=""/>
      <protectedslots title=""/>
      <privateslots title=""/>
      <events title=""/>
      <properties title=""/>
      <friends title=""/>
      <membergroups visible="yes"/>
    </memberdecl>
    <detaileddescription title="Description"/>
    <memberdef>
      <pagedocs/>
      <inlineclasses title=""/>
      <defines title=""/>
      <typedefs title=""/>
      <sequences title=""/>
      <dictionaries title=""/>
      <enums title=""/>
      <enumvalues title=""/>
      <functions title=""/>
      <variables title=""/>
      <signals title=""/>
      <publicslots title=""/>
      <protectedslots title=""/>
      <privateslots title=""/>
      <events title=""/>
      <properties title=""/>
      <friends title=""/>
    </memberdef>
    <authorsection visible="yes"/>
  </group>

  <!-- Layout definition for a directory page -->
  <directory>
    <briefdescription visible="yes"/>
    <directorygraph visible="yes"/>
    <memberdecl>
      <dirs visible="yes"/>
      <files visible="yes"/>
    </memberdecl>
    <detaileddescription title="Description"/>
  </directory>
</doxygenlayout>
