<?xml version="1.0" encoding="UTF-8" standalone="no"?>
<raConfiguration version="12">
  <generalSettings>
    <option key="#Board#" value="board.custom"/>
    <option key="CPU" value="RA8P1"/>
    <option key="Core" value="CPU0"/>
    <option key="#TargetName#" value="R7KA8P1KFLCAC"/>
    <option key="#TargetARCHITECTURE#" value="cortex-m85"/>
    <option key="#DeviceCommand#" value="R7KA8P1KF"/>
    <option key="#RTOS#" value="_none"/>
    <option key="#pinconfiguration#" value="R7KA8P1KFLCAC.pincfg"/>
    <option key="#FSPVersion#" value="6.2.0"/>
    <option key="#SELECTED_TOOLCHAIN#" value="clang_arm"/>
    <option key="#ToolchainVersion#" value="18.1.3"/>
  </generalSettings>
  <raBspConfiguration>
    <config id="config.bsp.ra8p1.R7KA8P1KFLCAC">
      <property id="config.bsp.part_number" value="config.bsp.part_number.value"/>
      <property id="config.bsp.rom_size_bytes" value="config.bsp.rom_size_bytes.value"/>
      <property id="config.bsp.rom_size_bytes_hidden" value="config.bsp.rom_size_bytes_hidden.value"/>
      <property id="config.bsp.ram_size_bytes" value="config.bsp.ram_size_bytes.value"/>
      <property id="config.bsp.data_flash_size_bytes" value="config.bsp.data_flash_size_bytes.value"/>
      <property id="config.bsp.package_style" value="config.bsp.package_style.value"/>
      <property id="config.bsp.package_pins" value="config.bsp.package_pins.value"/>
      <property id="config.bsp.ospi0_cs0_start_address" value="config.bsp.ospi0_cs0_start_address.value"/>
      <property id="config.bsp.ospi0_cs0_size_bytes" value="config.bsp.ospi0_cs0_size_bytes.value"/>
      <property id="config.bsp.ospi0_cs1_start_address" value="config.bsp.ospi0_cs1_start_address.value"/>
      <property id="config.bsp.ospi0_cs1_size_bytes" value="config.bsp.ospi0_cs1_size_bytes.value"/>
      <property id="config.bsp.ospi1_cs0_start_address" value="config.bsp.ospi1_cs0_start_address.value"/>
      <property id="config.bsp.ospi1_cs0_size_bytes" value="config.bsp.ospi1_cs0_size_bytes.value"/>
      <property id="config.bsp.ospi1_cs1_start_address" value="config.bsp.ospi1_cs1_start_address.value"/>
      <property id="config.bsp.ospi1_cs1_size_bytes" value="config.bsp.ospi1_cs1_size_bytes.value"/>
      <property id="config.bsp.number_of_cores" value="2"/>
      <property id="config.bsp.irq_count_hidden" value="96"/>
    </config>
    <config id="config.bsp.ra8p1">
      <property id="config.bsp.series" value="config.bsp.series.value"/>
    </config>
    <config id="config.bsp.ra8p1.fsp">
      <property id="config.bsp.fsp.inline_irq_functions" value="config.bsp.common.inline_irq_functions.enabled"/>
      <property id="config.bsp.fsp.sdram.enabled" value="config.bsp.fsp.sdram.enabled.disabled"/>
      <property id="config.bsp.fsp.sdram.tras" value="config.bsp.fsp.sdram.tras.6"/>
      <property id="config.bsp.fsp.sdram.trcd" value="config.bsp.fsp.sdram.trcd.3"/>
      <property id="config.bsp.fsp.sdram.trp" value="config.bsp.fsp.sdram.trp.3"/>
      <property id="config.bsp.fsp.sdram.twr" value="config.bsp.fsp.sdram.twr.2"/>
      <property id="config.bsp.fsp.sdram.tcl" value="config.bsp.fsp.sdram.tcl.3"/>
      <property id="config.bsp.fsp.sdram.trfc" value="937"/>
      <property id="config.bsp.fsp.sdram.trefw" value="config.bsp.fsp.sdram.trefw.8"/>
      <property id="config.bsp.fsp.sdram.arfi" value="config.bsp.fsp.sdram.arfi.10"/>
      <property id="config.bsp.fsp.sdram.arfc" value="config.bsp.fsp.sdram.arfc.8"/>
      <property id="config.bsp.fsp.sdram.prc" value="config.bsp.fsp.sdram.prc.3"/>
      <property id="config.bsp.fsp.sdram.addr_shift" value="config.bsp.fsp.sdram.addr_shift.9"/>
      <property id="config.bsp.fsp.sdram.endian_mode" value="config.bsp.fsp.sdram.endian_mode.little"/>
      <property id="config.bsp.fsp.sdram.continuous_access_mode" value="config.bsp.fsp.sdram.continuous_access_mode.enabled"/>
      <property id="config.bsp.fsp.sdram.bus_width" value="config.bsp.fsp.sdram.bus_width.32"/>
      <property id="config.bsp.fsp.ospi_b_startup" value="config.bsp.fsp.ospi_b_startup.disabled"/>
      <property id="config.bsp.fsp.tz.exception_response" value="config.bsp.fsp.tz.exception_response.nmi"/>
      <property id="config.bsp.fsp.tz.cmsis.bfhfnmins" value="config.bsp.fsp.tz.cmsis.bfhfnmins.secure"/>
      <property id="config.bsp.fsp.tz.cmsis.sysresetreqs" value="config.bsp.fsp.tz.cmsis.sysresetreqs.secure_only"/>
      <property id="config.bsp.fsp.tz.cmsis.s_priority_boost" value="config.bsp.fsp.tz.cmsis.s_priority_boost.disabled"/>
      <property id="config.bsp.fsp.tz.cachesar" value="config.bsp.fsp.tz.cachesar.secure"/>
      <property id="config.bsp.fsp.tz.rstsar" value="config.bsp.fsp.tz.rstsar.both"/>
      <property id="config.bsp.fsp.tz.bbfsar" value="config.bsp.fsp.tz.bbfsar.both"/>
      <property id="config.bsp.fsp.tz.sramsar.sramsa0" value="config.bsp.fsp.tz.sramsar.sramsa0.both"/>
      <property id="config.bsp.fsp.tz.sramsar.sramsa1" value="config.bsp.fsp.tz.sramsar.sramsa1.both"/>
      <property id="config.bsp.fsp.tz.sramsar.sramsa2" value="config.bsp.fsp.tz.sramsar.sramsa2.both"/>
      <property id="config.bsp.fsp.tz.sramsar.sramsa3" value="config.bsp.fsp.tz.sramsar.sramsa3.both"/>
      <property id="config.bsp.fsp.tz.bussara" value="config.bsp.fsp.tz.bussara.both"/>
      <property id="config.bsp.fsp.tz.bussarb" value="config.bsp.fsp.tz.bussarb.both"/>
      <property id="config.bsp.fsp.tz.bussarc" value="config.bsp.fsp.tz.bussarc.both"/>
      <property id="config.bsp.fsp.tz.saipcsem0" value="config.bsp.fsp.tz.saipcsem0.secure_only"/>
      <property id="config.bsp.fsp.tz.saipcsem1" value="config.bsp.fsp.tz.saipcsem1.secure_only"/>
      <property id="config.bsp.fsp.tz.saipcnmi0" value="config.bsp.fsp.tz.saipcnmi0.secure_only"/>
      <property id="config.bsp.fsp.tz.saipcnmi1" value="config.bsp.fsp.tz.saipcnmi1.secure_only"/>
      <property id="config.bsp.fsp.tz.pgcsar" value="config.bsp.fsp.tz.pgcsar.secure_only"/>
      <property id="config.bsp.fsp.tz.uninitialized_ns_application_fallback" value="config.bsp.fsp.tz.uninitialized_ns_application_fallback.enabled"/>
      <property id="config.bsp.fsp.hoco_fll" value="config.bsp.fsp.hoco_fll.disabled"/>
      <property id="config.bsp.fsp.clock_settling_delay" value="config.bsp.fsp.clock_settling_delay.enabled"/>
      <property id="config.bsp.fsp.sleep_mode_delays" value="config.bsp.fsp.sleep_mode_delays.enabled"/>
      <property id="config.bsp.fsp.rtos_sleep_delay" value="config.bsp.fsp.rtos_sleep_delay.enabled"/>
      <property id="config.bsp.fsp.mstp_change_delays" value="config.bsp.fsp.mstp_change_delays.enabled"/>
      <property id="config.bsp.fsp.settling_delay_us" value="30"/>
      <property id="config.bsp.common.main_osc_wait" value="config.bsp.common.main_osc_wait.wait_8163"/>
      <property id="config.bsp.fsp.mcu.adc.max_freq_hz" value="60000000"/>
      <property id="config.bsp.fsp.mcu.sci_b_uart.max_baud" value="20000000"/>
      <property id="config.bsp.fsp.mcu.sci_b_uart.ctspen_channels" value="0x03FF"/>
      <property id="config.bsp.fsp.mcu.adc.sample_and_hold" value="1"/>
      <property id="config.bsp.fsp.mcu.adc.sensors_are_exclusive" value="0"/>
      <property id="config.bsp.fsp.mcu.sci_spi.max_bitrate" value="60000000"/>
      <property id="config.bsp.fsp.mcu.spi.max_bitrate" value="60000000"/>
      <property id="config.bsp.fsp.mcu.iic_master.rate.rate_fastplus" value="1"/>
      <property id="config.bsp.fsp.mcu.iic_master.fastplus_channels" value="0x7"/>
      <property id="config.bsp.fsp.mcu.iic_slave.rate.rate_fastplus" value="1"/>
      <property id="config.bsp.fsp.mcu.iic_slave.fastplus_channels" value="0x7"/>
      <property id="config.bsp.fsp.mcu.gpt.pin_count_source_channels" value="0x3FFF"/>
      <property id="config.bsp.fsp.mcu.canfd.num_channels" value="2"/>
      <property id="config.bsp.fsp.mcu.canfd.rx_fifos" value="2"/>
      <property id="config.bsp.fsp.mcu.canfd.buffer_ram" value="1216"/>
      <property id="config.bsp.fsp.mcu.canfd.afl_rules" value="32"/>
      <property id="config.bsp.fsp.mcu.canfd.afl_rules_each_chnl" value=" 16"/>
      <property id="config.bsp.fsp.mcu.canfd.max_data_rate_hz" value="8"/>
      <property id="config.bsp.fsp.mcu.adc_dmac.samples_per_channel" value="32767"/>
      <property id="config.bsp.fsp.mcu.sci_b_lin.max_baud" value="7812500"/>
      <property id="config.bsp.fsp.mcu.ospi_b.spi_dspi_qspi_mode_max_freq_hz" value="120000000"/>
      <property id="config.bsp.fsp.dcache" value="config.bsp.fsp.dcache.disabled"/>
      <property id="config.bsp.fsp.mscr.forcewt" value="config.bsp.fsp.mscr.forcewt.disabled"/>
      <property id="config.bsp.fsp.mcu.rtc.err_adjustment_value.max_value" value="63"/>
      <property id="config.bsp.fsp.ioport.voltage_mode.vcc" value="config.bsp.fsp.ioport.voltage_mode.vcc.high"/>
      <property id="config.bsp.fsp.ioport.voltage_mode.vcc2" value="config.bsp.fsp.ioport.voltage_mode.vcc2.high"/>
    </config>
    <config id="config.bsp.ra8p1.linker">
      <property id="config.bsp.option_setting.ofs0" value="config.bsp.option_setting.ofs0.enabled"/>
      <property id="config.bsp.option_setting.ofs0.iwdt_start_mode" value="config.bsp.option_setting.ofs0.iwdt_start_mode.disabled"/>
      <property id="config.bsp.option_setting.ofs0.iwdt_timeout" value="config.bsp.option_setting.ofs0.iwdt_timeout.2048"/>
      <property id="config.bsp.option_setting.ofs0.iwdt_divisor" value="config.bsp.option_setting.ofs0.iwdt_divisor.128"/>
      <property id="config.bsp.option_setting.ofs0.iwdt_window_end" value="config.bsp.option_setting.ofs0.iwdt_window_end.0"/>
      <property id="config.bsp.option_setting.ofs0.iwdt_window_start" value="config.bsp.option_setting.ofs0.iwdt_window_start.100"/>
      <property id="config.bsp.option_setting.ofs0.iwdt_reset_interrupt" value="config.bsp.option_setting.ofs0.iwdt_reset_interrupt.Reset"/>
      <property id="config.bsp.option_setting.ofs0.iwdt_stop_control" value="config.bsp.option_setting.ofs0.iwdt_stop_control.stops"/>
      <property id="config.bsp.option_setting.ofs0.wdt_start_mode" value="config.bsp.option_setting.ofs0.wdt_start_mode.register"/>
      <property id="config.bsp.option_setting.ofs0.wdt_timeout" value="config.bsp.option_setting.ofs0.wdt_timeout.16384"/>
      <property id="config.bsp.option_setting.ofs0.wdt_divisor" value="config.bsp.option_setting.ofs0.wdt_divisor.128"/>
      <property id="config.bsp.option_setting.ofs0.wdt_window_end" value="config.bsp.option_setting.ofs0.wdt_window_end.0"/>
      <property id="config.bsp.option_setting.ofs0.wdt_window_start" value="config.bsp.option_setting.ofs0.wdt_window_start.100"/>
      <property id="config.bsp.option_setting.ofs0.wdt_reset_interrupt" value="config.bsp.option_setting.ofs0.wdt_reset_interrupt.Reset"/>
      <property id="config.bsp.option_setting.ofs0.wdt_stop_control" value="config.bsp.option_setting.ofs0.wdt_stop_control.stops"/>
      <property id="config.bsp.option_setting.ofs2" value="config.bsp.option_setting.ofs2.enabled"/>
      <property id="config.bsp.option_setting.ofs2.dcdc" value="config.bsp.option_setting.ofs2.dcdc.enabled"/>
      <property id="config.bsp.option_setting.ofs2.cvm_reset" value="config.bsp.option_setting.ofs2.cvm_reset.disabled"/>
      <property id="config.bsp.option_setting.ofs2.npusa" value="config.bsp.option_setting.ofs2.npusa.secure"/>
      <property id="config.bsp.option_setting.ofs2.npupa" value="config.bsp.option_setting.ofs2.npupa.unprivilege"/>
      <property id="config.bsp.option_setting.sas" value="config.bsp.option_setting.sas.disabled"/>
      <property id="config.bsp.option_setting.sas.btsize" value="config.bsp.option_setting.sas.btsize.8k"/>
      <property id="config.bsp.option_setting.ofs1" value="config.bsp.option_setting.ofs1.disabled"/>
      <property id="config.bsp.option_setting.ofs1.voltage_detection0.start" value="config.bsp.option_setting.ofs1.voltage_detection0.start.disabled"/>
      <property id="config.bsp.option_setting.ofs1.voltage_detection0_level" value="config.bsp.option_setting.ofs1.voltage_detection0_level.160"/>
      <property id="config.bsp.option_setting.ofs1.hoco_osc" value="config.bsp.option_setting.ofs1.hoco_osc.disabled"/>
      <property id="config.bsp.option_setting.ofs1.voltage_detection0.low_power_consumption" value="config.bsp.option_setting.ofs1.voltage_detection0.low_power_consumption.disabled"/>
      <property id="config.bsp.option_setting.ofs1.swdbg" value="config.bsp.option_setting.ofs1.swdbg.disabled"/>
      <property id="config.bsp.option_setting.ofs1.initeccen" value="config.bsp.option_setting.ofs1.initeccen.disabled"/>
      <property id="config.bsp.option_setting.ofs1_sec" value="config.bsp.option_setting.ofs1_sec.enabled"/>
      <property id="config.bsp.option_setting.ofs1_sec.voltage_detection0.start" value="config.bsp.option_setting.ofs1_sec.voltage_detection0.start.disabled"/>
      <property id="config.bsp.option_setting.ofs1_sec.voltage_detection0_level" value="config.bsp.option_setting.ofs1_sec.voltage_detection0_level.160"/>
      <property id="config.bsp.option_setting.ofs1_sec.hoco_osc" value="config.bsp.option_setting.ofs1_sec.hoco_osc.disabled"/>
      <property id="config.bsp.option_setting.ofs1_sec.voltage_detection0.low_power_consumption" value="config.bsp.option_setting.ofs1_sec.voltage_detection0.low_power_consumption.disabled"/>
      <property id="config.bsp.option_setting.ofs1_sec.swdbg" value="config.bsp.option_setting.ofs1_sec.swdbg.disabled"/>
      <property id="config.bsp.option_setting.ofs1_sec.initeccen" value="config.bsp.option_setting.ofs1_sec.initeccen.disabled"/>
      <property id="config.bsp.option_setting.ofs1_sel" value="config.bsp.option_setting.ofs1_sel.enabled"/>
      <property id="config.bsp.option_setting.ofs1_sel.voltage_detection0_level" value="config.bsp.option_setting.ofs1_sel.voltage_detection0_level.secure"/>
      <property id="config.bsp.option_setting.ofs1_sel.voltage_detection0.start" value="config.bsp.option_setting.ofs1_sel.voltage_detection0.start.secure"/>
      <property id="config.bsp.option_setting.ofs1_sel.voltage_detection0.low_power_consumption" value="config.bsp.option_setting.ofs1_sel.voltage_detection0.low_power_consumption.secure"/>
      <property id="config.bsp.option_setting.ofs1_sel.swdbg" value="config.bsp.option_setting.ofs1_sel.swdbg.secure"/>
      <property id="config.bsp.option_setting.ofs1_sel.initeccen" value="config.bsp.option_setting.ofs1_sel.initeccen.secure"/>
      <property id="config.bsp.option_setting.ofs3" value="config.bsp.option_setting.ofs3.disabled"/>
      <property id="config.bsp.option_setting.ofs3.wdt1_start_mode" value="config.bsp.option_setting.ofs3.wdt1_start_mode.disabled"/>
      <property id="config.bsp.option_setting.ofs3.wdt1_timeout" value="config.bsp.option_setting.ofs3.wdt1_timeout.16384"/>
      <property id="config.bsp.option_setting.ofs3.wdt1_divisor" value="config.bsp.option_setting.ofs3.wdt1_divisor.128"/>
      <property id="config.bsp.option_setting.ofs3.wdt1_window_end" value="config.bsp.option_setting.ofs3.wdt1_window_end.0"/>
      <property id="config.bsp.option_setting.ofs3.wdt1_window_start" value="config.bsp.option_setting.ofs3.wdt1_window_start.100"/>
      <property id="config.bsp.option_setting.ofs3.wdt1_reset_interrupt" value="config.bsp.option_setting.ofs3.wdt1_reset_interrupt.Reset"/>
      <property id="config.bsp.option_setting.ofs3.wdt1_stop_control" value="config.bsp.option_setting.ofs3.wdt1_stop_control.stops"/>
      <property id="config.bsp.option_setting.ofs3_sec" value="config.bsp.option_setting.ofs3_sec.enabled"/>
      <property id="config.bsp.option_setting.ofs3_sec.wdt1_start_mode" value="config.bsp.option_setting.ofs3_sec.wdt1_start_mode.disabled"/>
      <property id="config.bsp.option_setting.ofs3_sec.wdt1_timeout" value="config.bsp.option_setting.ofs3_sec.wdt1_timeout.16384"/>
      <property id="config.bsp.option_setting.ofs3_sec.wdt1_divisor" value="config.bsp.option_setting.ofs3_sec.wdt1_divisor.128"/>
      <property id="config.bsp.option_setting.ofs3_sec.wdt1_window_end" value="config.bsp.option_setting.ofs3_sec.wdt1_window_end.0"/>
      <property id="config.bsp.option_setting.ofs3_sec.wdt1_window_start" value="config.bsp.option_setting.ofs3_sec.wdt1_window_start.100"/>
      <property id="config.bsp.option_setting.ofs3_sec.wdt1_reset_interrupt" value="config.bsp.option_setting.ofs3_sec.wdt1_reset_interrupt.Reset"/>
      <property id="config.bsp.option_setting.ofs3_sec.wdt1_stop_control" value="config.bsp.option_setting.ofs3_sec.wdt1_stop_control.stops"/>
      <property id="config.bsp.option_setting.ofs3_sel" value="config.bsp.option_setting.ofs3_sel.enabled"/>
      <property id="config.bsp.option_setting.ofs3_sel.wdt1_start_mode" value="config.bsp.option_setting.ofs3_sel.wdt1_start_mode.secure"/>
      <property id="config.bsp.option_setting.ofs3_sel.wdt1_timeout" value="config.bsp.option_setting.ofs3_sel.wdt1_timeout.secure"/>
      <property id="config.bsp.option_setting.ofs3_sel.wdt1_divisor" value="config.bsp.option_setting.ofs3_sel.wdt1_divisor.secure"/>
      <property id="config.bsp.option_setting.ofs3_sel.wdt1_window_end" value="config.bsp.option_setting.ofs3_sel.wdt1_window_end.secure"/>
      <property id="config.bsp.option_setting.ofs3_sel.wdt1_window_start" value="config.bsp.option_setting.ofs3_sel.wdt1_window_start.secure"/>
      <property id="config.bsp.option_setting.ofs3_sel.wdt1_reset_interrupt" value="config.bsp.option_setting.ofs3_sel.wdt1_reset_interrupt.secure"/>
      <property id="config.bsp.option_setting.ofs3_sel.wdt1_stop_control" value="config.bsp.option_setting.ofs3_sel.wdt1_stop_control.secure"/>
      <property id="config.bsp.option_setting.bps" value="config.bsp.option_setting.bps.disabled"/>
      <property id="config.bsp.option_setting.bps.0" value=""/>
      <property id="config.bsp.option_setting.bps.1" value=""/>
      <property id="config.bsp.option_setting.bps.2" value=""/>
      <property id="config.bsp.option_setting.bps.3" value=""/>
      <property id="config.bsp.option_setting.bps.4" value=""/>
      <property id="config.bsp.option_setting.bps.5" value=""/>
      <property id="config.bsp.option_setting.bps.6" value=""/>
      <property id="config.bsp.option_setting.bps.7" value=""/>
      <property id="config.bsp.option_setting.bps.8" value=""/>
      <property id="config.bsp.option_setting.bps.9" value=""/>
      <property id="config.bsp.option_setting.bps.10" value=""/>
      <property id="config.bsp.option_setting.bps.11" value=""/>
      <property id="config.bsp.option_setting.bps.12" value=""/>
      <property id="config.bsp.option_setting.bps.13" value=""/>
      <property id="config.bsp.option_setting.bps.14" value=""/>
      <property id="config.bsp.option_setting.bps.15" value=""/>
      <property id="config.bsp.option_setting.bps.16" value=""/>
      <property id="config.bsp.option_setting.bps_sec" value="config.bsp.option_setting.bps_sec.disabled"/>
      <property id="config.bsp.option_setting.bps_sec.0" value=""/>
      <property id="config.bsp.option_setting.bps_sec.1" value=""/>
      <property id="config.bsp.option_setting.bps_sec.2" value=""/>
      <property id="config.bsp.option_setting.bps_sec.3" value=""/>
      <property id="config.bsp.option_setting.bps_sec.4" value=""/>
      <property id="config.bsp.option_setting.bps_sec.5" value=""/>
      <property id="config.bsp.option_setting.bps_sec.6" value=""/>
      <property id="config.bsp.option_setting.bps_sec.7" value=""/>
      <property id="config.bsp.option_setting.bps_sec.8" value=""/>
      <property id="config.bsp.option_setting.bps_sec.9" value=""/>
      <property id="config.bsp.option_setting.bps_sec.10" value=""/>
      <property id="config.bsp.option_setting.bps_sec.11" value=""/>
      <property id="config.bsp.option_setting.bps_sec.12" value=""/>
      <property id="config.bsp.option_setting.bps_sec.13" value=""/>
      <property id="config.bsp.option_setting.bps_sec.14" value=""/>
      <property id="config.bsp.option_setting.bps_sec.15" value=""/>
      <property id="config.bsp.option_setting.bps_sec.16" value=""/>
      <property id="config.bsp.option_setting_otp.fsblctrl0" value="config.bsp.option_setting_otp.fsblctrl0.disabled"/>
      <property id="config.bsp.option_setting_otp.fsblctrl0.FSBLEN" value="config.bsp.option_setting_otp.fsblctrl0.FSBLEN.disabled"/>
      <property id="config.bsp.option_setting_otp.fsblctrl0.FSBLSKIPSW" value="config.bsp.option_setting_otp.fsblctrl0.FSBLSKIPSW.disabled"/>
      <property id="config.bsp.option_setting_otp.fsblctrl0.FSBLSKIPDS" value="config.bsp.option_setting_otp.fsblctrl0.FSBLSKIPDS.disabled"/>
      <property id="config.bsp.option_setting_otp.fsblctrl0.FSBLCLK" value="config.bsp.option_setting_otp.fsblctrl0.FSBLCLK.7"/>
      <property id="config.bsp.option_setting_otp.fsblctrl1" value="config.bsp.option_setting_otp.fsblctrl1.disabled"/>
      <property id="config.bsp.option_setting_otp.fsblctrl1.FSBLEXMD" value="config.bsp.option_setting_otp.fsblctrl1.FSBLEXMD.secure_report"/>
      <property id="config.bsp.option_setting_otp.fsblctrl2" value="config.bsp.option_setting_otp.fsblctrl2.disabled"/>
      <property id="config.bsp.option_setting_otp.fsblctrl2.PORTPN" value="config.bsp.option_setting_otp.fsblctrl2.PORTPN.15"/>
      <property id="config.bsp.option_setting_otp.fsblctrl2.PORTGN" value="config.bsp.option_setting_otp.fsblctrl2.PORTGN.reserved"/>
      <property id="config.bsp.option_setting_otp.samr" value="config.bsp.option_setting_otp.samr.disabled"/>
      <property id="config.bsp.option_setting_otp.samr.address" value="0xFFFFFFFF"/>
      <property id="config.bsp.option_setting_otp.sacc00" value="config.bsp.option_setting_otp.sacc00.disabled"/>
      <property id="config.bsp.option_setting_otp.sacc00.address" value="0xFFFFFFFF"/>
      <property id="config.bsp.option_setting_otp.sacc10" value="config.bsp.option_setting_otp.sacc10.disabled"/>
      <property id="config.bsp.option_setting_otp.sacc10.address" value="0xFFFFFFFF"/>
      <property id="config.bsp.option_setting_otp.sacc01" value="config.bsp.option_setting_otp.sacc01.disabled"/>
      <property id="config.bsp.option_setting_otp.sacc01.address" value="0xFFFFFFFF"/>
      <property id="config.bsp.option_setting_otp.sacc11" value="config.bsp.option_setting_otp.sacc11.disabled"/>
      <property id="config.bsp.option_setting_otp.sacc11.address" value="0xFFFFFFFF"/>
      <property id="config.bsp.option_setting_otp.sacc02" value="config.bsp.option_setting_otp.sacc02.disabled"/>
      <property id="config.bsp.option_setting_otp.sacc02.address" value="0xFFFFFFFF"/>
      <property id="config.bsp.option_setting_otp.sacc12" value="config.bsp.option_setting_otp.sacc12.disabled"/>
      <property id="config.bsp.option_setting_otp.sacc12.address" value="0xFFFFFFFF"/>
      <property id="config.bsp.option_setting_otp.sacc03" value="config.bsp.option_setting_otp.sacc03.disabled"/>
      <property id="config.bsp.option_setting_otp.sacc03.address" value="0xFFFFFFFF"/>
      <property id="config.bsp.option_setting_otp.sacc13" value="config.bsp.option_setting_otp.sacc13.disabled"/>
      <property id="config.bsp.option_setting_otp.sacc13.address" value="0xFFFFFFFF"/>
      <property id="config.bsp.option_setting_otp.pbps_sec" value="config.bsp.option_setting_otp.pbps_sec.disabled"/>
      <property id="config.bsp.option_setting_otp.pbps_sec.0" value=""/>
      <property id="config.bsp.option_setting_otp.pbps_sec.1" value=""/>
      <property id="config.bsp.option_setting_otp.pbps_sec.2" value=""/>
      <property id="config.bsp.option_setting_otp.pbps_sec.3" value=""/>
      <property id="config.bsp.option_setting_otp.pbps_sec.4" value=""/>
      <property id="config.bsp.option_setting_otp.pbps_sec.5" value=""/>
      <property id="config.bsp.option_setting_otp.pbps_sec.6" value=""/>
      <property id="config.bsp.option_setting_otp.pbps_sec.7" value=""/>
      <property id="config.bsp.option_setting_otp.pbps_sec.8" value=""/>
      <property id="config.bsp.option_setting_otp.pbps_sec.9" value=""/>
      <property id="config.bsp.option_setting_otp.pbps_sec.10" value=""/>
      <property id="config.bsp.option_setting_otp.pbps_sec.11" value=""/>
      <property id="config.bsp.option_setting_otp.pbps_sec.12" value=""/>
      <property id="config.bsp.option_setting_otp.pbps_sec.13" value=""/>
      <property id="config.bsp.option_setting_otp.pbps_sec.14" value=""/>
      <property id="config.bsp.option_setting_otp.pbps_sec.15" value=""/>
      <property id="config.bsp.option_setting_otp.pbps_sec.16" value=""/>
      <property id="config.bsp.option_setting_otp.pbps" value="config.bsp.option_setting_otp.pbps.disabled"/>
      <property id="config.bsp.option_setting_otp.pbps.0" value=""/>
      <property id="config.bsp.option_setting_otp.pbps.1" value=""/>
      <property id="config.bsp.option_setting_otp.pbps.2" value=""/>
      <property id="config.bsp.option_setting_otp.pbps.3" value=""/>
      <property id="config.bsp.option_setting_otp.pbps.4" value=""/>
      <property id="config.bsp.option_setting_otp.pbps.5" value=""/>
      <property id="config.bsp.option_setting_otp.pbps.6" value=""/>
      <property id="config.bsp.option_setting_otp.pbps.7" value=""/>
      <property id="config.bsp.option_setting_otp.pbps.8" value=""/>
      <property id="config.bsp.option_setting_otp.pbps.9" value=""/>
      <property id="config.bsp.option_setting_otp.pbps.10" value=""/>
      <property id="config.bsp.option_setting_otp.pbps.11" value=""/>
      <property id="config.bsp.option_setting_otp.pbps.12" value=""/>
      <property id="config.bsp.option_setting_otp.pbps.13" value=""/>
      <property id="config.bsp.option_setting_otp.pbps.14" value=""/>
      <property id="config.bsp.option_setting_otp.pbps.15" value=""/>
      <property id="config.bsp.option_setting_otp.pbps.16" value=""/>
      <property id="config.bsp.option_setting_otp.zhuk" value="config.bsp.option_setting_otp.zhuk.disabled"/>
      <property id="config.bsp.option_setting_otp.zhuk.zhuken0" value="config.bsp.option_setting_otp.zhuk.zhuken0.disabled"/>
      <property id="config.bsp.option_setting_otp.zhuk.zhuken1" value="config.bsp.option_setting_otp.zhuk.zhuken1.disabled"/>
      <property id="config.bsp.option_setting_otp.zhuk.zhuken2" value="config.bsp.option_setting_otp.zhuk.zhuken2.disabled"/>
      <property id="config.bsp.option_setting_otp.zhuk.zhuken3" value="config.bsp.option_setting_otp.zhuk.zhuken3.disabled"/>
    </config>
    <config id="config.bsp.ra">
      <property id="config.bsp.common.main" value="0x400"/>
      <property id="config.bsp.common.heap" value="0"/>
      <property id="config.bsp.common.bootloader.xip_enable" value="config.bsp.common.bootloader.xip_enable.disabled"/>
      <property id="config.bsp.common.vcc" value="3300"/>
      <property id="config.bsp.common.checking" value="config.bsp.common.checking.disabled"/>
      <property id="config.bsp.common.assert" value="config.bsp.common.assert.none"/>
      <property id="config.bsp.common.soft_reset" value="config.bsp.common.soft_reset.disabled"/>
      <property id="config.bsp.common.main_osc_populated" value="config.bsp.common.main_osc_populated.enabled"/>
      <property id="config.bsp.common.pfs_protect" value="config.bsp.common.pfs_protect.enabled"/>
      <property id="config.bsp.common.c_runtime_init" value="config.bsp.common.c_runtime_init.enabled"/>
      <property id="config.bsp.common.early_init" value="config.bsp.common.early_init.disabled"/>
      <property id="config.bsp.common.main_osc_clock_source" value="config.bsp.common.main_osc_clock_source.crystal"/>
      <property id="config.bsp.common.subclock_populated" value="config.bsp.common.subclock_populated.enabled"/>
      <property id="config.bsp.common.subclock_drive" value="config.bsp.common.subclock_drive.standard"/>
      <property id="config.bsp.common.subclock_stabilization_ms" value="1000"/>
    </config>
  </raBspConfiguration>
  <raClockConfiguration>
    <node id="board.clock.xtal.freq" mul="24000000" option="_edit"/>
    <node id="board.clock.hoco.freq" option="board.clock.hoco.freq.48m"/>
    <node id="board.clock.loco.freq" option="board.clock.loco.freq.32768"/>
    <node id="board.clock.moco.freq" option="board.clock.moco.freq.8m"/>
    <node id="board.clock.subclk.freq" option="board.clock.subclk.freq.32768"/>
    <node id="board.clock.pll.source" option="board.clock.pll.source.xtal"/>
    <node id="board.clock.pll.div" option="board.clock.pll.div.3"/>
    <node id="board.clock.pll.mul" option="board.clock.pll.mul.250_00"/>
    <node id="board.clock.pll.display" option="board.clock.pll.display.value"/>
    <node id="board.clock.pll1p.div" option="board.clock.pll1p.div.2"/>
    <node id="board.clock.pll1p.display" option="board.clock.pll1p.display.value"/>
    <node id="board.clock.pll1q.div" option="board.clock.pll1q.div.6"/>
    <node id="board.clock.pll1q.display" option="board.clock.pll1q.display.value"/>
    <node id="board.clock.pll1r.div" option="board.clock.pll1r.div.5"/>
    <node id="board.clock.pll1r.display" option="board.clock.pll1r.display.value"/>
    <node id="board.clock.pll2.source" option="board.clock.pll2.source.xtal"/>
    <node id="board.clock.pll2.div" option="board.clock.pll2.div.3"/>
    <node id="board.clock.pll2.mul" option="board.clock.pll2.mul.300_00"/>
    <node id="board.clock.pll2.display" option="board.clock.pll2.display.value"/>
    <node id="board.clock.pll2p.div" option="board.clock.pll2p.div.8"/>
    <node id="board.clock.pll2p.display" option="board.clock.pll2p.display.value"/>
    <node id="board.clock.pll2q.div" option="board.clock.pll2q.div.3"/>
    <node id="board.clock.pll2q.display" option="board.clock.pll2q.display.value"/>
    <node id="board.clock.pll2r.div" option="board.clock.pll2r.div.5"/>
    <node id="board.clock.pll2r.display" option="board.clock.pll2r.display.value"/>
    <node id="board.clock.clock.source" option="board.clock.clock.source.pll1p"/>
    <node id="board.clock.cpuclk.div" option="board.clock.cpuclk.div.1"/>
    <node id="board.clock.cpuclk.display" option="board.clock.cpuclk.display.value"/>
    <node id="board.clock.cpuclk1.div" option="board.clock.cpuclk1.div.4"/>
    <node id="board.clock.cpuclk1.display" option="board.clock.cpuclk1.display.value"/>
    <node id="board.clock.npuclk.div" option="board.clock.npuclk.div.2"/>
    <node id="board.clock.npuclk.display" option="board.clock.npuclk.display.value"/>
    <node id="board.clock.mriclk.div" option="board.clock.mriclk.div.4"/>
    <node id="board.clock.mriclk.display" option="board.clock.mriclk.display.value"/>
    <node id="board.clock.mrpclk.div" option="board.clock.mrpclk.div.8"/>
    <node id="board.clock.mrpclk.display" option="board.clock.mrpclk.display.value"/>
    <node id="board.clock.iclk.div" option="board.clock.iclk.div.4"/>
    <node id="board.clock.iclk.display" option="board.clock.iclk.display.value"/>
    <node id="board.clock.pclka.div" option="board.clock.pclka.div.8"/>
    <node id="board.clock.pclka.display" option="board.clock.pclka.display.value"/>
    <node id="board.clock.pclkb.div" option="board.clock.pclkb.div.16"/>
    <node id="board.clock.pclkb.display" option="board.clock.pclkb.display.value"/>
    <node id="board.clock.pclkc.div" option="board.clock.pclkc.div.8"/>
    <node id="board.clock.pclkc.display" option="board.clock.pclkc.display.value"/>
    <node id="board.clock.pclkd.div" option="board.clock.pclkd.div.4"/>
    <node id="board.clock.pclkd.display" option="board.clock.pclkd.display.value"/>
    <node id="board.clock.pclke.div" option="board.clock.pclke.div.4"/>
    <node id="board.clock.pclke.display" option="board.clock.pclke.display.value"/>
    <node id="board.clock.bclk.div" option="board.clock.bclk.div.8"/>
    <node id="board.clock.bclk.display" option="board.clock.bclk.display.value"/>
    <node id="board.clock.bclka.source" option="board.clock.bclka.source.disabled"/>
    <node id="board.clock.bclka.div" option="board.clock.bclka.div.6"/>
    <node id="board.clock.bclka.display" option="board.clock.bclka.display.value"/>
    <node id="board.clock.sdclkout.enable" option="board.clock.sdclkout.enable.enabled"/>
    <node id="board.clock.sdclkout.display" option="board.clock.sdclkout.display.value"/>
    <node id="board.clock.ebclk.source" option="board.clock.ebclk.source.bclk"/>
    <node id="board.clock.bclkout.div" option="board.clock.bclkout.div.2"/>
    <node id="board.clock.bclkout.display" option="board.clock.bclkout.display.value"/>
    <node id="board.clock.clkout.source" option="board.clock.clkout.source.disabled"/>
    <node id="board.clock.clkout.div" option="board.clock.clkout.div.1"/>
    <node id="board.clock.clkout.display" option="board.clock.clkout.display.value"/>
    <node id="board.clock.sciclk.source" option="board.clock.sciclk.source.disabled"/>
    <node id="board.clock.sciclk.div" option="board.clock.sciclk.div.4"/>
    <node id="board.clock.sciclk.display" option="board.clock.sciclk.display.value"/>
    <node id="board.clock.spiclk.source" option="board.clock.spiclk.source.disabled"/>
    <node id="board.clock.spiclk.div" option="board.clock.spiclk.div.1"/>
    <node id="board.clock.spiclk.display" option="board.clock.spiclk.display.value"/>
    <node id="board.clock.canfdclk.source" option="board.clock.canfdclk.source.disabled"/>
    <node id="board.clock.canfdclk.div" option="board.clock.canfdclk.div.6"/>
    <node id="board.clock.canfdclk.display" option="board.clock.canfdclk.display.value"/>
    <node id="board.clock.gptclk.source" option="board.clock.gptclk.source.disabled"/>
    <node id="board.clock.gptclk.div" option="board.clock.gptclk.div.2"/>
    <node id="board.clock.gptclk.display" option="board.clock.gptclk.display.value"/>
    <node id="board.clock.gtclk.source" option="board.clock.gtclk.source.pclkd"/>
    <node id="board.clock.gtclk.display" option="board.clock.gtclk.display.value"/>
    <node id="board.clock.lcdclk.source" option="board.clock.lcdclk.source.disabled"/>
    <node id="board.clock.lcdclk.div" option="board.clock.lcdclk.div.2"/>
    <node id="board.clock.lcdclk.display" option="board.clock.lcdclk.display.value"/>
    <node id="board.clock.i3cclk.source" option="board.clock.i3cclk.source.disabled"/>
    <node id="board.clock.i3cclk.div" option="board.clock.i3cclk.div.4"/>
    <node id="board.clock.i3cclk.display" option="board.clock.i3cclk.display.value"/>
    <node id="board.clock.uck.source" option="board.clock.uck.source.disabled"/>
    <node id="board.clock.uck.div" option="board.clock.uck.div.10"/>
    <node id="board.clock.uck.display" option="board.clock.uck.display.value"/>
    <node id="board.clock.u60ck.source" option="board.clock.u60ck.source.disabled"/>
    <node id="board.clock.u60ck.div" option="board.clock.u60ck.div.8"/>
    <node id="board.clock.u60ck.display" option="board.clock.u60ck.display.value"/>
    <node id="board.clock.octaspiclk.source" option="board.clock.octaspiclk.source.pll2p"/>
    <node id="board.clock.octaspiclk.div" option="board.clock.octaspiclk.div.3"/>
    <node id="board.clock.octaspiclk.display" option="board.clock.octaspiclk.display.value"/>
    <node id="board.clock.octaspiclk.om_sclk.display" option="board.clock.octaspiclk.om_sclk.display.value"/>
    <node id="board.clock.adcclk.source" option="board.clock.adcclk.source.disabled"/>
    <node id="board.clock.adcclk.div" option="board.clock.adcclk.div.4"/>
    <node id="board.clock.adcclk.display" option="board.clock.adcclk.display.value"/>
    <node id="board.clock.eswclk.source" option="board.clock.eswclk.source.disabled"/>
    <node id="board.clock.eswclk.div" option="board.clock.eswclk.div.4"/>
    <node id="board.clock.eswclk.display" option="board.clock.eswclk.display.value"/>
    <node id="board.clock.eswphyclk.source" option="board.clock.eswphyclk.source.disabled"/>
    <node id="board.clock.eswphyclk.div" option="board.clock.eswphyclk.div.2"/>
    <node id="board.clock.eswphyclk.display" option="board.clock.eswphyclk.display.value"/>
    <node id="board.clock.ethphyclk.source" option="board.clock.ethphyclk.source.disabled"/>
    <node id="board.clock.ethphyclk.div" option="board.clock.ethphyclk.div.32"/>
    <node id="board.clock.ethphyclk.display" option="board.clock.ethphyclk.display.value"/>
  </raClockConfiguration>
  <raComponentSelection>
    <component apiversion="" class="Projects" condition="" group="all" subgroup="common" variant="" vendor="Renesas" version="6.2.0">
      <description>Common source for all template projects.</description>
      <originalPack>Renesas.RA_common.6.2.0.pack</originalPack>
    </component>
    <component apiversion="" class="Common" condition="" group="all" subgroup="fsp_common" variant="" vendor="Renesas" version="6.2.0">
      <description>Board Support Package Common Files</description>
      <originalPack>Renesas.RA.6.2.0.pack</originalPack>
    </component>
    <component apiversion="" class="HAL Drivers" condition="" group="all" subgroup="r_ioport" variant="" vendor="Renesas" version="6.2.0">
      <description>I/O Port</description>
      <originalPack>Renesas.RA.6.2.0.pack</originalPack>
    </component>
    <component apiversion="" class="CMSIS" condition="" group="Main" subgroup="CoreM" variant="" vendor="Arm" version="6.1.0+fsp.6.2.0">
      <description>Arm CMSIS Version 6 - Core (M)</description>
      <originalPack>Arm.CMSIS6.6.1.0+fsp.6.2.0.pack</originalPack>
    </component>
    <component apiversion="" class="BSP" condition="" group="Board" subgroup="custom" variant="" vendor="Renesas" version="6.2.0">
      <description>Custom Board Support Files</description>
      <originalPack>Renesas.RA_board_custom.6.2.0.pack</originalPack>
    </component>
    <component apiversion="" class="BSP" condition="" group="ra8p1" subgroup="device" variant="R7KA8P1KFLCAC" vendor="Renesas" version="6.2.0">
      <description>Board support package for R7KA8P1KFLCAC</description>
      <originalPack>Renesas.RA_mcu_ra8p1.6.2.0.pack</originalPack>
    </component>
    <component apiversion="" class="BSP" condition="" group="ra8p1" subgroup="device" variant="" vendor="Renesas" version="6.2.0">
      <description>Board support package for RA8P1</description>
      <originalPack>Renesas.RA_mcu_ra8p1.6.2.0.pack</originalPack>
    </component>
    <component apiversion="" class="BSP" condition="" group="ra8p1" subgroup="fsp" variant="" vendor="Renesas" version="6.2.0">
      <description>Board support package for RA8P1 - FSP Data</description>
      <originalPack>Renesas.RA_mcu_ra8p1.6.2.0.pack</originalPack>
    </component>
    <component apiversion="" class="BSP" condition="" group="ra8p1" subgroup="events" variant="" vendor="Renesas" version="6.2.0">
      <description>Board support package for RA8P1 - Events</description>
      <originalPack>Renesas.RA_mcu_ra8p1.6.2.0.pack</originalPack>
    </component>
    <component apiversion="" class="BSP" condition="" group="ra8p1" subgroup="linker" variant="" vendor="Renesas" version="6.2.0">
      <description>Board support package for RA8P1 - Linker</description>
      <originalPack>Renesas.RA_mcu_ra8p1.6.2.0.pack</originalPack>
    </component>
    <component apiversion="" class="HAL Drivers" condition="" group="all" subgroup="r_ospi_b" variant="" vendor="Renesas" version="6.2.0">
      <description>Octa Serial Peripheral Interface Flash</description>
      <originalPack>Renesas.RA.6.2.0.pack</originalPack>
    </component>
  </raComponentSelection>
  <raElcConfiguration/>
  <raIcuConfiguration/>
  <raLinkMapConfiguration/>
  <raModuleConfiguration>
    <module id="module.driver.ioport_on_ioport.0">
      <property id="module.driver.ioport.name" value="g_ioport"/>
      <property id="module.driver.ioport.elc_trigger_ioport1" value="_disabled"/>
      <property id="module.driver.ioport.elc_trigger_ioport2" value="_disabled"/>
      <property id="module.driver.ioport.elc_trigger_ioport3" value="_disabled"/>
      <property id="module.driver.ioport.elc_trigger_ioport4" value="_disabled"/>
      <property id="module.driver.ioport.pincfg" value="g_bsp_pin_cfg"/>
    </module>
    <module id="module.driver.ospi_on_ospi_b.551525026">
      <property id="module.driver.ospi_b.name" value="g_ospi0"/>
      <property id="module.driver.ospi_b.unit" value="module.driver.ospi_b.unit.0"/>
      <property id="module.driver.ospi_b.channel" value="module.driver.ospi_b.channel.0"/>
      <property id="module.driver.ospi_b.write_status_bit" value="module.driver.ospi_b.bit_index.0"/>
      <property id="module.driver.ospi_b.write_enable_bit" value="module.driver.ospi_b.bit_index.1"/>
      <property id="module.driver.ospi_b.auto_callibration_address" value="0x00"/>
      <property id="module.driver.ospi_b.command_set_table" value=""/>
      <property id="module.driver.ospi_b.command_set_table_length" value="0"/>
      <property id="module.driver.ospi_b.sector_erase_size" value="0x1000"/>
      <property id="module.driver.ospi_b.block_erase_size" value="0x8000"/>
      <property id="module.driver.ospi_b.spi_protocol" value="module.driver.ospi_b.protocol_mode.protocol_1S_1S_1S"/>
      <property id="module.driver.ospi_b.cmd_set.initial.frame_format" value="module.driver.ospi_b.frame_format.standard"/>
      <property id="module.driver.ospi_b.cmd_set.initial.latency_mode" value="module.driver.ospi_b.latency_mode.fixed"/>
      <property id="module.driver.ospi_b.address_bytes" value="module.driver.ospi_b.address_bytes.address_bytes_3"/>
      <property id="module.driver.ospi_b.cmd_set.initial.address_msb_mask" value="0xF0"/>
      <property id="module.driver.ospi_b.command_bytes" value="module.driver.ospi_b.command_bytes.1"/>
      <property id="module.driver.ospi_b.cmd_set.initial.status_address_bytes" value="module.driver.ospi_b.address_bytes.none"/>
      <property id="module.driver.ospi_b.cmd_set.initial.status_address" value="0"/>
      <property id="module.driver.ospi_b.spi_read_command" value="0x03"/>
      <property id="module.driver.ospi_b.default_mem_read_dummy_cycles" value="0"/>
      <property id="module.driver.ospi_b.spi_page_program_command" value="0x02"/>
      <property id="module.driver.ospi_b.cmd_set.initial.program.dummy_cycles" value="0"/>
      <property id="module.driver.ospi_b.cmd_set.initial.row_load.command" value="0x0"/>
      <property id="module.driver.ospi_b.cmd_set.initial.row_load.dummy_cycles" value="0"/>
      <property id="module.driver.ospi_b.cmd_set.initial.row_store.command" value="0x0"/>
      <property id="module.driver.ospi_b.cmd_set.initial.row_store.dummy_cycles" value="0"/>
      <property id="module.driver.ospi_b.spi_write_enable_command" value="0x06"/>
      <property id="module.driver.ospi_b.spi_status_command" value="0x05"/>
      <property id="module.driver.ospi_b.default_status_read_dummy_cycles" value="0"/>
      <property id="module.driver.ospi_b.sector_erase_command" value="0x20"/>
      <property id="module.driver.ospi_b.block_erase_command" value="0x52"/>
      <property id="module.driver.ospi_b.chip_erase_command" value="0x60"/>
      <property id="module.driver.ospi_b.high_speed_protocol" value="module.driver.ospi_b.protocol_mode.protocol_1S_4S_4S"/>
      <property id="module.driver.ospi_b.cmd_set.high_speed.frame_format" value="module.driver.ospi_b.frame_format.standard"/>
      <property id="module.driver.ospi_b.cmd_set.high_speed.latency_mode" value="module.driver.ospi_b.latency_mode.fixed"/>
      <property id="module.driver.ospi_b.cmd_set.high_speed.address_bytes" value="module.driver.ospi_b.address_bytes.address_bytes_3"/>
      <property id="module.driver.ospi_b.cmd_set.high_speed.address_msb_mask" value="0xF0"/>
      <property id="module.driver.ospi_b.high_speed_command_length" value="module.driver.ospi_b.command_bytes.1"/>
      <property id="module.driver.ospi_b.cmd_set.high_speed.status_address_bytes" value="module.driver.ospi_b.address_bytes.address_bytes_3"/>
      <property id="module.driver.ospi_b.cmd_set.high_speed.status_address" value="0x00"/>
      <property id="module.driver.ospi_b.high_speed_read_command" value="0xEB"/>
      <property id="module.driver.ospi_b.mem_read_dummy_cycles" value="6"/>
      <property id="module.driver.ospi_b.high_speed_page_program_command" value="0x32"/>
      <property id="module.driver.ospi_b.cmd_set.high_speed.program.dummy_cycles" value="0"/>
      <property id="module.driver.ospi_b.cmd_set.high_speed.row_load.command" value="0x0"/>
      <property id="module.driver.ospi_b.cmd_set.high_speed.row_load.dummy_cycles" value="0"/>
      <property id="module.driver.ospi_b.cmd_set.high_speed.row_store.command" value="0x0"/>
      <property id="module.driver.ospi_b.cmd_set.high_speed.row_store.dummy_cycles" value="0"/>
      <property id="module.driver.ospi_b.high_speed_write_enable_command" value="0x06"/>
      <property id="module.driver.ospi_b.high_speed_status_command" value="0x05"/>
      <property id="module.driver.ospi_b.status_read_dummy_cycles" value="0"/>
      <property id="module.driver.ospi_b.high_speed_sector_erase_command" value="0x20"/>
      <property id="module.driver.ospi_b.high_speed_block_erase_command" value="0x52"/>
      <property id="module.driver.ospi_b.high_speed_chip_erase_command" value="0x60"/>
      <property id="module.driver.ospi_b.command_interval_clocks" value="module.driver.ospi_b.command_interval_clocks.clocks_2"/>
      <property id="module.driver.ospi_b.pull_up_timing" value="module.driver.ospi_b.pull_up_timing.clocks_5"/>
      <property id="module.driver.ospi_b.pull_down_timing" value="module.driver.ospi_b.pull_down_timing.clocks_5"/>
      <property id="module.driver.ospi_b.data_latch_delay_setting" value="module.driver.ospi_b.ds_timing.delay.none"/>
      <property id="module.driver.ospi_b.sdr_timing.drive_timing" value="module.driver.ospi_b.sdr_timing.drive_timing.before_ck_rising"/>
      <property id="module.driver.ospi_b.sdr_timing.ck_sampling_edge" value="module.driver.ospi_b.sdr_timing.ck_sampling_edge.rising"/>
      <property id="module.driver.ospi_b.sdr_timing.sampling_delay" value="module.driver.ospi_b.sdr_timing.sampling_delay.none"/>
      <property id="module.driver.ospi_b.ddr_timing.sampling_extension" value="module.driver.ospi_b.ddr_timing.sampling_extension.none"/>
      <property id="module.driver.ospi_b.xip.enter_code" value="0"/>
      <property id="module.driver.ospi_b.xip.exit_code" value="0"/>
      <property id="module.driver.ospi_b.dotf.name" value="g_ospi_dotf"/>
      <property id="module.driver.ospi_b.dotf.key" value="g_ospi_dotf_key"/>
      <property id="module.driver.ospi_b.dotf.iv" value="g_ospi_dotf_iv"/>
      <property id="module.driver.ospi_b.dotf.aes_key_length" value="config.driver.dotf.aes_key_length.128"/>
      <property id="module.driver.ospi_b.dotf.key_format" value="config.driver.dotf.key_format.plaintext"/>
      <property id="module.driver.ospi_b.dotf.start_address" value="0x80000000"/>
      <property id="module.driver.ospi_b.dotf.end_address" value="0x80001FFF"/>
      <property id="module.driver.ospi_b.row_addressing.row_index_bytes" value="module.driver.ospi_b.address_bytes.none"/>
    </module>
    <context id="_hal.0">
      <stack module="module.driver.ioport_on_ioport.0"/>
      <stack module="module.driver.ospi_on_ospi_b.551525026"/>
    </context>
    <config id="config.driver.ospi_b">
      <property id="config.driver.ospi_b.param_checking_enable" value="config.driver.ospi_b.param_checking_enable.bsp"/>
      <property id="config.driver.ospi_b.dmac_support" value="config.driver.ospi_b.dmac_support.disabled"/>
      <property id="config.driver.ospi_b.autocalibration_support" value="config.driver.ospi_b.autocalibration_support.disabled"/>
      <property id="config.driver.ospi_b.prefetch_function" value="config.driver.ospi_b.prefetch_function.enabled"/>
      <property id="config.driver.ospi_b.combination_function" value="config.driver.ospi_b.combination_function.64_BYTE"/>
      <property id="config.driver.ospi_b.xip_support" value="config.driver.ospi_b.xip_support.disabled"/>
      <property id="config.driver.ospi_b.dotf_support" value="config.driver.ospi_b.dotf_support.disabled"/>
      <property id="config.driver.ospi_b.row_addressing_support" value="config.driver.ospi_b.row_addressing_support.disabled"/>
    </config>
    <config id="config.driver.ioport">
      <property id="config.driver.ioport.checking" value="config.driver.ioport.checking.system"/>
      <property id="config.driver.ioport.ccd_support_enable" value="config.driver.ioport.ccd_support_enable.disabled"/>
    </config>
  </raModuleConfiguration>
  <raPinConfiguration>
    <pincfg active="true" name="R7KA8P1KFLCAC.pincfg" selected="true" symbol="g_bsp_pin_cfg">
      <configSetting altId="irq.irq12_dash_ds.p008" configurationId="irq.irq12_dash_ds"/>
      <configSetting altId="irq.mode.custom.free" configurationId="irq.mode"/>
      <configSetting altId="jtag_fslash_swd.mode.jtag.free" configurationId="jtag_fslash_swd.mode"/>
      <configSetting altId="jtag_fslash_swd.tck.p211" configurationId="jtag_fslash_swd.tck"/>
      <configSetting altId="jtag_fslash_swd.tdi.p208" configurationId="jtag_fslash_swd.tdi"/>
      <configSetting altId="jtag_fslash_swd.tdo.p209" configurationId="jtag_fslash_swd.tdo"/>
      <configSetting altId="jtag_fslash_swd.tms.p210" configurationId="jtag_fslash_swd.tms"/>
      <configSetting altId="ospi0.mode.custom.free" configurationId="ospi0.mode"/>
      <configSetting altId="ospi0.om_0_cs0.p107" configurationId="ospi0.om_0_cs0"/>
      <configSetting altId="ospi0.om_0_sclk.p808" configurationId="ospi0.om_0_sclk"/>
      <configSetting altId="ospi0.om_0_sio0.p100" configurationId="ospi0.om_0_sio0"/>
      <configSetting altId="ospi0.om_0_sio1.p803" configurationId="ospi0.om_0_sio1"/>
      <configSetting altId="ospi0.om_0_sio2.p103" configurationId="ospi0.om_0_sio2"/>
      <configSetting altId="ospi0.om_0_sio3.p101" configurationId="ospi0.om_0_sio3"/>
      <configSetting altId="p008.irq.irq12_dash_ds" configurationId="p008"/>
      <configSetting altId="p008.gpio_irq.gpio_irq_enabled" configurationId="p008.gpio_irq"/>
      <configSetting altId="p008.gpio_mode.gpio_mode_irq" configurationId="p008.gpio_mode"/>
      <configSetting altId="p100.ospi0.om_0_sio0" configurationId="p100"/>
      <configSetting altId="p100.gpio_speed.gpio_speed_hh" configurationId="p100.gpio_drivecapacity"/>
      <configSetting altId="p100.gpio_mode.gpio_mode_peripheral" configurationId="p100.gpio_mode"/>
      <configSetting altId="p101.ospi0.om_0_sio3" configurationId="p101"/>
      <configSetting altId="p101.gpio_speed.gpio_speed_hh" configurationId="p101.gpio_drivecapacity"/>
      <configSetting altId="p101.gpio_mode.gpio_mode_peripheral" configurationId="p101.gpio_mode"/>
      <configSetting altId="p103.ospi0.om_0_sio2" configurationId="p103"/>
      <configSetting altId="p103.gpio_speed.gpio_speed_hh" configurationId="p103.gpio_drivecapacity"/>
      <configSetting altId="p103.gpio_mode.gpio_mode_peripheral" configurationId="p103.gpio_mode"/>
      <configSetting altId="p107.ospi0.om_0_cs0" configurationId="p107"/>
      <configSetting altId="p107.gpio_speed.gpio_speed_h" configurationId="p107.gpio_drivecapacity"/>
      <configSetting altId="p107.gpio_mode.gpio_mode_peripheral" configurationId="p107.gpio_mode"/>
      <configSetting altId="p111.sdhi0.sd0dat3" configurationId="p111"/>
      <configSetting altId="p111.gpio_mode.gpio_mode_peripheral" configurationId="p111.gpio_mode"/>
      <configSetting altId="p112.sdram.dq3" configurationId="p112"/>
      <configSetting altId="p112.gpio_mode.gpio_mode_peripheral" configurationId="p112.gpio_mode"/>
      <configSetting altId="p113.sdram.dq4" configurationId="p113"/>
      <configSetting altId="p113.gpio_mode.gpio_mode_peripheral" configurationId="p113.gpio_mode"/>
      <configSetting altId="p114.sdram.dq5" configurationId="p114"/>
      <configSetting altId="p114.gpio_mode.gpio_mode_peripheral" configurationId="p114.gpio_mode"/>
      <configSetting altId="p115.sdram.dq6" configurationId="p115"/>
      <configSetting altId="p115.gpio_mode.gpio_mode_peripheral" configurationId="p115.gpio_mode"/>
      <configSetting altId="p208.jtag_fslash_swd.tdi" configurationId="p208"/>
      <configSetting altId="p208.gpio_mode.gpio_mode_peripheral" configurationId="p208.gpio_mode"/>
      <configSetting altId="p209.jtag_fslash_swd.tdo" configurationId="p209"/>
      <configSetting altId="p209.gpio_mode.gpio_mode_peripheral" configurationId="p209.gpio_mode"/>
      <configSetting altId="p210.jtag_fslash_swd.tms" configurationId="p210"/>
      <configSetting altId="p210.gpio_mode.gpio_mode_peripheral" configurationId="p210.gpio_mode"/>
      <configSetting altId="p211.jtag_fslash_swd.tck" configurationId="p211"/>
      <configSetting altId="p211.gpio_mode.gpio_mode_peripheral" configurationId="p211.gpio_mode"/>
      <configSetting altId="p300.sdram.dq2" configurationId="p300"/>
      <configSetting altId="p300.gpio_mode.gpio_mode_peripheral" configurationId="p300.gpio_mode"/>
      <configSetting altId="p301.sdram.dq1" configurationId="p301"/>
      <configSetting altId="p301.gpio_mode.gpio_mode_peripheral" configurationId="p301.gpio_mode"/>
      <configSetting altId="p302.sdram.dq0" configurationId="p302"/>
      <configSetting altId="p302.gpio_mode.gpio_mode_peripheral" configurationId="p302.gpio_mode"/>
      <configSetting altId="p310.sci3.txd3" configurationId="p310"/>
      <configSetting altId="p310.gpio_mode.gpio_mode_peripheral" configurationId="p310.gpio_mode"/>
      <configSetting altId="p408.sci3.rxd3" configurationId="p408"/>
      <configSetting altId="p408.gpio_mode.gpio_mode_peripheral" configurationId="p408.gpio_mode"/>
      <configSetting altId="p503.sdram.a6" configurationId="p503"/>
      <configSetting altId="p503.gpio_mode.gpio_mode_peripheral" configurationId="p503.gpio_mode"/>
      <configSetting altId="p504.sdram.a7" configurationId="p504"/>
      <configSetting altId="p504.gpio_mode.gpio_mode_peripheral" configurationId="p504.gpio_mode"/>
      <configSetting altId="p505.sdram.a8" configurationId="p505"/>
      <configSetting altId="p505.gpio_mode.gpio_mode_peripheral" configurationId="p505.gpio_mode"/>
      <configSetting altId="p506.sdram.a9" configurationId="p506"/>
      <configSetting altId="p506.gpio_mode.gpio_mode_peripheral" configurationId="p506.gpio_mode"/>
      <configSetting altId="p507.sdram.a10" configurationId="p507"/>
      <configSetting altId="p507.gpio_mode.gpio_mode_peripheral" configurationId="p507.gpio_mode"/>
      <configSetting altId="p508.sdram.a11" configurationId="p508"/>
      <configSetting altId="p508.gpio_mode.gpio_mode_peripheral" configurationId="p508.gpio_mode"/>
      <configSetting altId="p509.sdram.a12" configurationId="p509"/>
      <configSetting altId="p509.gpio_mode.gpio_mode_peripheral" configurationId="p509.gpio_mode"/>
      <configSetting altId="p510.sdram.a13" configurationId="p510"/>
      <configSetting altId="p510.gpio_mode.gpio_mode_peripheral" configurationId="p510.gpio_mode"/>
      <configSetting altId="p607.sdram.dq31" configurationId="p607"/>
      <configSetting altId="p607.gpio_mode.gpio_mode_peripheral" configurationId="p607.gpio_mode"/>
      <configSetting altId="p608.sdram.a14" configurationId="p608"/>
      <configSetting altId="p608.gpio_mode.gpio_mode_peripheral" configurationId="p608.gpio_mode"/>
      <configSetting altId="p609.sdram.dq7" configurationId="p609"/>
      <configSetting altId="p609.gpio_mode.gpio_mode_peripheral" configurationId="p609.gpio_mode"/>
      <configSetting altId="p610.sdram.dq12" configurationId="p610"/>
      <configSetting altId="p610.gpio_mode.gpio_mode_peripheral" configurationId="p610.gpio_mode"/>
      <configSetting altId="p611.sdram.dq13" configurationId="p611"/>
      <configSetting altId="p611.gpio_mode.gpio_mode_peripheral" configurationId="p611.gpio_mode"/>
      <configSetting altId="p612.sdram.dq14" configurationId="p612"/>
      <configSetting altId="p612.gpio_mode.gpio_mode_peripheral" configurationId="p612.gpio_mode"/>
      <configSetting altId="p613.sdram.dq15" configurationId="p613"/>
      <configSetting altId="p613.gpio_mode.gpio_mode_peripheral" configurationId="p613.gpio_mode"/>
      <configSetting altId="p614.sdram.dqm0" configurationId="p614"/>
      <configSetting altId="p614.gpio_mode.gpio_mode_peripheral" configurationId="p614.gpio_mode"/>
      <configSetting altId="p615.sdram.dqm2" configurationId="p615"/>
      <configSetting altId="p615.gpio_mode.gpio_mode_peripheral" configurationId="p615.gpio_mode"/>
      <configSetting altId="p803.ospi0.om_0_sio1" configurationId="p803"/>
      <configSetting altId="p803.gpio_speed.gpio_speed_hh" configurationId="p803.gpio_drivecapacity"/>
      <configSetting altId="p803.gpio_mode.gpio_mode_peripheral" configurationId="p803.gpio_mode"/>
      <configSetting altId="p808.ospi0.om_0_sclk" configurationId="p808"/>
      <configSetting altId="p808.gpio_speed.gpio_speed_hh" configurationId="p808.gpio_drivecapacity"/>
      <configSetting altId="p808.gpio_mode.gpio_mode_peripheral" configurationId="p808.gpio_mode"/>
      <configSetting altId="p813.sdram.sdcs" configurationId="p813"/>
      <configSetting altId="p813.gpio_mode.gpio_mode_peripheral" configurationId="p813.gpio_mode"/>
      <configSetting altId="pa00.sdram.a5" configurationId="pa00"/>
      <configSetting altId="pa00.gpio_mode.gpio_mode_peripheral" configurationId="pa00.gpio_mode"/>
      <configSetting altId="pa01.sdram.a4" configurationId="pa01"/>
      <configSetting altId="pa01.gpio_mode.gpio_mode_peripheral" configurationId="pa01.gpio_mode"/>
      <configSetting altId="pa02.sdram.a3" configurationId="pa02"/>
      <configSetting altId="pa02.gpio_mode.gpio_mode_peripheral" configurationId="pa02.gpio_mode"/>
      <configSetting altId="pa03.sdram.a2" configurationId="pa03"/>
      <configSetting altId="pa03.gpio_mode.gpio_mode_peripheral" configurationId="pa03.gpio_mode"/>
      <configSetting altId="pa04.sdram.dqm3" configurationId="pa04"/>
      <configSetting altId="pa04.gpio_mode.gpio_mode_peripheral" configurationId="pa04.gpio_mode"/>
      <configSetting altId="pa05.sdram.dqm1" configurationId="pa05"/>
      <configSetting altId="pa05.gpio_mode.gpio_mode_peripheral" configurationId="pa05.gpio_mode"/>
      <configSetting altId="pa06.sdram.cke" configurationId="pa06"/>
      <configSetting altId="pa06.gpio_mode.gpio_mode_peripheral" configurationId="pa06.gpio_mode"/>
      <configSetting altId="pa08.sdram.we" configurationId="pa08"/>
      <configSetting altId="pa08.gpio_mode.gpio_mode_peripheral" configurationId="pa08.gpio_mode"/>
      <configSetting altId="pa09.sdram.cas" configurationId="pa09"/>
      <configSetting altId="pa09.gpio_mode.gpio_mode_peripheral" configurationId="pa09.gpio_mode"/>
      <configSetting altId="pa10.sdram.ras" configurationId="pa10"/>
      <configSetting altId="pa10.gpio_mode.gpio_mode_peripheral" configurationId="pa10.gpio_mode"/>
      <configSetting altId="pa11.sdram.dq8" configurationId="pa11"/>
      <configSetting altId="pa11.gpio_mode.gpio_mode_peripheral" configurationId="pa11.gpio_mode"/>
      <configSetting altId="pa12.sdram.dq9" configurationId="pa12"/>
      <configSetting altId="pa12.gpio_mode.gpio_mode_peripheral" configurationId="pa12.gpio_mode"/>
      <configSetting altId="pa13.sdram.dq10" configurationId="pa13"/>
      <configSetting altId="pa13.gpio_mode.gpio_mode_peripheral" configurationId="pa13.gpio_mode"/>
      <configSetting altId="pa14.sdram.dq11" configurationId="pa14"/>
      <configSetting altId="pa14.gpio_mode.gpio_mode_peripheral" configurationId="pa14.gpio_mode"/>
      <configSetting altId="pa15.sdram.sdclk" configurationId="pa15"/>
      <configSetting altId="pa15.gpio_mode.gpio_mode_peripheral" configurationId="pa15.gpio_mode"/>
      <configSetting altId="pc00.sdram.dq30" configurationId="pc00"/>
      <configSetting altId="pc00.gpio_mode.gpio_mode_peripheral" configurationId="pc00.gpio_mode"/>
      <configSetting altId="pc01.sdram.dq29" configurationId="pc01"/>
      <configSetting altId="pc01.gpio_mode.gpio_mode_peripheral" configurationId="pc01.gpio_mode"/>
      <configSetting altId="pc02.sdram.dq28" configurationId="pc02"/>
      <configSetting altId="pc02.gpio_mode.gpio_mode_peripheral" configurationId="pc02.gpio_mode"/>
      <configSetting altId="pc03.sdram.dq27" configurationId="pc03"/>
      <configSetting altId="pc03.gpio_mode.gpio_mode_peripheral" configurationId="pc03.gpio_mode"/>
      <configSetting altId="pc04.sdram.dq26" configurationId="pc04"/>
      <configSetting altId="pc04.gpio_mode.gpio_mode_peripheral" configurationId="pc04.gpio_mode"/>
      <configSetting altId="pc05.sdram.dq25" configurationId="pc05"/>
      <configSetting altId="pc05.gpio_mode.gpio_mode_peripheral" configurationId="pc05.gpio_mode"/>
      <configSetting altId="pc06.sdram.dq24" configurationId="pc06"/>
      <configSetting altId="pc06.gpio_mode.gpio_mode_peripheral" configurationId="pc06.gpio_mode"/>
      <configSetting altId="pc07.sdram.dq23" configurationId="pc07"/>
      <configSetting altId="pc07.gpio_mode.gpio_mode_peripheral" configurationId="pc07.gpio_mode"/>
      <configSetting altId="pc08.sdram.dq22" configurationId="pc08"/>
      <configSetting altId="pc08.gpio_mode.gpio_mode_peripheral" configurationId="pc08.gpio_mode"/>
      <configSetting altId="pc09.sdram.dq21" configurationId="pc09"/>
      <configSetting altId="pc09.gpio_mode.gpio_mode_peripheral" configurationId="pc09.gpio_mode"/>
      <configSetting altId="pc10.sdram.dq20" configurationId="pc10"/>
      <configSetting altId="pc10.gpio_mode.gpio_mode_peripheral" configurationId="pc10.gpio_mode"/>
      <configSetting altId="pc11.sdram.dq19" configurationId="pc11"/>
      <configSetting altId="pc11.gpio_mode.gpio_mode_peripheral" configurationId="pc11.gpio_mode"/>
      <configSetting altId="pc12.sdram.dq18" configurationId="pc12"/>
      <configSetting altId="pc12.gpio_mode.gpio_mode_peripheral" configurationId="pc12.gpio_mode"/>
      <configSetting altId="pc13.sdram.dq17" configurationId="pc13"/>
      <configSetting altId="pc13.gpio_mode.gpio_mode_peripheral" configurationId="pc13.gpio_mode"/>
      <configSetting altId="pc14.sdram.dq16" configurationId="pc14"/>
      <configSetting altId="pc14.gpio_mode.gpio_mode_peripheral" configurationId="pc14.gpio_mode"/>
      <configSetting altId="pc15.sdram.a16" configurationId="pc15"/>
      <configSetting altId="pc15.gpio_mode.gpio_mode_peripheral" configurationId="pc15.gpio_mode"/>
      <configSetting altId="pd00.sdram.a15" configurationId="pd00"/>
      <configSetting altId="pd00.gpio_mode.gpio_mode_peripheral" configurationId="pd00.gpio_mode"/>
      <configSetting altId="pd01.sdhi0.sd0dat2" configurationId="pd01"/>
      <configSetting altId="pd01.gpio_mode.gpio_mode_peripheral" configurationId="pd01.gpio_mode"/>
      <configSetting altId="pd02.sdhi0.sd0dat1" configurationId="pd02"/>
      <configSetting altId="pd02.gpio_mode.gpio_mode_peripheral" configurationId="pd02.gpio_mode"/>
      <configSetting altId="pd03.sdhi0.sd0dat0" configurationId="pd03"/>
      <configSetting altId="pd03.gpio_mode.gpio_mode_peripheral" configurationId="pd03.gpio_mode"/>
      <configSetting altId="pd04.sdhi0.sd0cmd" configurationId="pd04"/>
      <configSetting altId="pd04.gpio_mode.gpio_mode_peripheral" configurationId="pd04.gpio_mode"/>
      <configSetting altId="pd05.sdhi0.sd0clk" configurationId="pd05"/>
      <configSetting altId="pd05.gpio_mode.gpio_mode_peripheral" configurationId="pd05.gpio_mode"/>
      <configSetting altId="pd07.sdhi0.sd0cd" configurationId="pd07"/>
      <configSetting altId="pd07.gpio_mode.gpio_mode_peripheral" configurationId="pd07.gpio_mode"/>
      <configSetting altId="sci3.mode.asynchronousuart.free" configurationId="sci3.mode"/>
      <configSetting altId="sci3.rxd3.p408" configurationId="sci3.rxd3"/>
      <configSetting altId="sci3.txd3.p310" configurationId="sci3.txd3"/>
      <configSetting altId="sdhi0.mode.custom.free" configurationId="sdhi0.mode"/>
      <configSetting altId="sdhi0.sd0cd.pd07" configurationId="sdhi0.sd0cd"/>
      <configSetting altId="sdhi0.sd0clk.pd05" configurationId="sdhi0.sd0clk"/>
      <configSetting altId="sdhi0.sd0cmd.pd04" configurationId="sdhi0.sd0cmd"/>
      <configSetting altId="sdhi0.sd0dat0.pd03" configurationId="sdhi0.sd0dat0"/>
      <configSetting altId="sdhi0.sd0dat1.pd02" configurationId="sdhi0.sd0dat1"/>
      <configSetting altId="sdhi0.sd0dat2.pd01" configurationId="sdhi0.sd0dat2"/>
      <configSetting altId="sdhi0.sd0dat3.p111" configurationId="sdhi0.sd0dat3"/>
      <configSetting altId="sdram.a10.p507" configurationId="sdram.a10"/>
      <configSetting altId="sdram.a11.p508" configurationId="sdram.a11"/>
      <configSetting altId="sdram.a12.p509" configurationId="sdram.a12"/>
      <configSetting altId="sdram.a13.p510" configurationId="sdram.a13"/>
      <configSetting altId="sdram.a14.p608" configurationId="sdram.a14"/>
      <configSetting altId="sdram.a15.pd00" configurationId="sdram.a15"/>
      <configSetting altId="sdram.a16.pc15" configurationId="sdram.a16"/>
      <configSetting altId="sdram.a2.pa03" configurationId="sdram.a2"/>
      <configSetting altId="sdram.a3.pa02" configurationId="sdram.a3"/>
      <configSetting altId="sdram.a4.pa01" configurationId="sdram.a4"/>
      <configSetting altId="sdram.a5.pa00" configurationId="sdram.a5"/>
      <configSetting altId="sdram.a6.p503" configurationId="sdram.a6"/>
      <configSetting altId="sdram.a7.p504" configurationId="sdram.a7"/>
      <configSetting altId="sdram.a8.p505" configurationId="sdram.a8"/>
      <configSetting altId="sdram.a9.p506" configurationId="sdram.a9"/>
      <configSetting altId="sdram.cas.pa09" configurationId="sdram.cas"/>
      <configSetting altId="sdram.cke.pa06" configurationId="sdram.cke"/>
      <configSetting altId="sdram.dq0.p302" configurationId="sdram.dq0"/>
      <configSetting altId="sdram.dq1.p301" configurationId="sdram.dq1"/>
      <configSetting altId="sdram.dq10.pa13" configurationId="sdram.dq10"/>
      <configSetting altId="sdram.dq11.pa14" configurationId="sdram.dq11"/>
      <configSetting altId="sdram.dq12.p610" configurationId="sdram.dq12"/>
      <configSetting altId="sdram.dq13.p611" configurationId="sdram.dq13"/>
      <configSetting altId="sdram.dq14.p612" configurationId="sdram.dq14"/>
      <configSetting altId="sdram.dq15.p613" configurationId="sdram.dq15"/>
      <configSetting altId="sdram.dq16.pc14" configurationId="sdram.dq16"/>
      <configSetting altId="sdram.dq17.pc13" configurationId="sdram.dq17"/>
      <configSetting altId="sdram.dq18.pc12" configurationId="sdram.dq18"/>
      <configSetting altId="sdram.dq19.pc11" configurationId="sdram.dq19"/>
      <configSetting altId="sdram.dq2.p300" configurationId="sdram.dq2"/>
      <configSetting altId="sdram.dq20.pc10" configurationId="sdram.dq20"/>
      <configSetting altId="sdram.dq21.pc09" configurationId="sdram.dq21"/>
      <configSetting altId="sdram.dq22.pc08" configurationId="sdram.dq22"/>
      <configSetting altId="sdram.dq23.pc07" configurationId="sdram.dq23"/>
      <configSetting altId="sdram.dq24.pc06" configurationId="sdram.dq24"/>
      <configSetting altId="sdram.dq25.pc05" configurationId="sdram.dq25"/>
      <configSetting altId="sdram.dq26.pc04" configurationId="sdram.dq26"/>
      <configSetting altId="sdram.dq27.pc03" configurationId="sdram.dq27"/>
      <configSetting altId="sdram.dq28.pc02" configurationId="sdram.dq28"/>
      <configSetting altId="sdram.dq29.pc01" configurationId="sdram.dq29"/>
      <configSetting altId="sdram.dq3.p112" configurationId="sdram.dq3"/>
      <configSetting altId="sdram.dq30.pc00" configurationId="sdram.dq30"/>
      <configSetting altId="sdram.dq31.p607" configurationId="sdram.dq31"/>
      <configSetting altId="sdram.dq4.p113" configurationId="sdram.dq4"/>
      <configSetting altId="sdram.dq5.p114" configurationId="sdram.dq5"/>
      <configSetting altId="sdram.dq6.p115" configurationId="sdram.dq6"/>
      <configSetting altId="sdram.dq7.p609" configurationId="sdram.dq7"/>
      <configSetting altId="sdram.dq8.pa11" configurationId="sdram.dq8"/>
      <configSetting altId="sdram.dq9.pa12" configurationId="sdram.dq9"/>
      <configSetting altId="sdram.dqm0.p614" configurationId="sdram.dqm0"/>
      <configSetting altId="sdram.dqm1.pa05" configurationId="sdram.dqm1"/>
      <configSetting altId="sdram.dqm2.p615" configurationId="sdram.dqm2"/>
      <configSetting altId="sdram.dqm3.pa04" configurationId="sdram.dqm3"/>
      <configSetting altId="sdram.mode.custom.free" configurationId="sdram.mode"/>
      <configSetting altId="sdram.ras.pa10" configurationId="sdram.ras"/>
      <configSetting altId="sdram.sdclk.pa15" configurationId="sdram.sdclk"/>
      <configSetting altId="sdram.sdcs.p813" configurationId="sdram.sdcs"/>
      <configSetting altId="sdram.we.pa08" configurationId="sdram.we"/>
    </pincfg>
  </raPinConfiguration>
</raConfiguration>
