<?xml version="1.0" encoding="UTF-8" standalone="no"?>
<raConfiguration version="12">
  <generalSettings>
    <option key="#Board#" value="board.ra8t2_cpknet"/>
    <option key="CPU" value="RA8T2"/>
    <option key="Core" value="CPU0"/>
    <option key="#TargetName#" value="R7KA8T2LFLCAC"/>
    <option key="#TargetARCHITECTURE#" value="cortex-m85"/>
    <option key="#DeviceCommand#" value="R7KA8T2LF"/>
    <option key="#RTOS#" value="rtos.awsfreertos"/>
    <option key="#pinconfiguration#" value="R7KA8T2LFLCAC.pincfg"/>
    <option key="#FSPVersion#" value="6.2.0"/>
    <option key="#ConfigurationFragments#" value="Renesas##BSP##Board##ra8t2_cpknet##"/>
    <option key="#SELECTED_TOOLCHAIN#" value="clang_arm"/>
    <option key="#ToolchainVersion#" value="18.1.3"/>
  </generalSettings>
  <raBspConfiguration>
    <config id="config.bsp.ra8t2.R7KA8T2LFLCAC">
      <property id="config.bsp.part_number" value="config.bsp.part_number.value"/>
      <property id="config.bsp.rom_size_bytes" value="config.bsp.rom_size_bytes.value"/>
      <property id="config.bsp.rom_size_bytes_hidden" value="config.bsp.rom_size_bytes_hidden.value"/>
      <property id="config.bsp.ram_size_bytes" value="config.bsp.ram_size_bytes.value"/>
      <property id="config.bsp.data_flash_size_bytes" value="config.bsp.data_flash_size_bytes.value"/>
      <property id="config.bsp.package_style" value="config.bsp.package_style.value"/>
      <property id="config.bsp.package_pins" value="config.bsp.package_pins.value"/>
      <property id="config.bsp.ospi0_cs0_start_address" value="config.bsp.ospi0_cs0_start_address.value"/>
      <property id="config.bsp.ospi0_cs0_size_bytes" value="config.bsp.ospi0_cs0_size_bytes.value"/>
      <property id="config.bsp.ospi0_cs1_start_address" value="config.bsp.ospi0_cs1_start_address.value"/>
      <property id="config.bsp.ospi0_cs1_size_bytes" value="config.bsp.ospi0_cs1_size_bytes.value"/>
      <property id="config.bsp.ospi1_cs0_start_address" value="config.bsp.ospi1_cs0_start_address.value"/>
      <property id="config.bsp.ospi1_cs0_size_bytes" value="config.bsp.ospi1_cs0_size_bytes.value"/>
      <property id="config.bsp.ospi1_cs1_start_address" value="config.bsp.ospi1_cs1_start_address.value"/>
      <property id="config.bsp.ospi1_cs1_size_bytes" value="config.bsp.ospi1_cs1_size_bytes.value"/>
      <property id="config.bsp.number_of_cores" value="2"/>
      <property id="config.bsp.irq_count_hidden" value="96"/>
    </config>
    <config id="config.bsp.ra8t2">
      <property id="config.bsp.series" value="config.bsp.series.value"/>
    </config>
    <config id="config.bsp.ra8t2.fsp">
      <property id="config.bsp.fsp.inline_irq_functions" value="config.bsp.common.inline_irq_functions.enabled"/>
      <property id="config.bsp.fsp.sdram.enabled" value="config.bsp.fsp.sdram.enabled.disabled"/>
      <property id="config.bsp.fsp.sdram.tras" value="config.bsp.fsp.sdram.tras.6"/>
      <property id="config.bsp.fsp.sdram.trcd" value="config.bsp.fsp.sdram.trcd.3"/>
      <property id="config.bsp.fsp.sdram.trp" value="config.bsp.fsp.sdram.trp.3"/>
      <property id="config.bsp.fsp.sdram.twr" value="config.bsp.fsp.sdram.twr.2"/>
      <property id="config.bsp.fsp.sdram.tcl" value="config.bsp.fsp.sdram.tcl.3"/>
      <property id="config.bsp.fsp.sdram.trfc" value="937"/>
      <property id="config.bsp.fsp.sdram.trefw" value="config.bsp.fsp.sdram.trefw.8"/>
      <property id="config.bsp.fsp.sdram.arfi" value="config.bsp.fsp.sdram.arfi.10"/>
      <property id="config.bsp.fsp.sdram.arfc" value="config.bsp.fsp.sdram.arfc.8"/>
      <property id="config.bsp.fsp.sdram.prc" value="config.bsp.fsp.sdram.prc.3"/>
      <property id="config.bsp.fsp.sdram.addr_shift" value="config.bsp.fsp.sdram.addr_shift.9"/>
      <property id="config.bsp.fsp.sdram.endian_mode" value="config.bsp.fsp.sdram.endian_mode.little"/>
      <property id="config.bsp.fsp.sdram.continuous_access_mode" value="config.bsp.fsp.sdram.continuous_access_mode.enabled"/>
      <property id="config.bsp.fsp.sdram.bus_width" value="config.bsp.fsp.sdram.bus_width.32"/>
      <property id="config.bsp.fsp.ospi_b_startup" value="config.bsp.fsp.ospi_b_startup.disabled"/>
      <property id="config.bsp.fsp.tz.exception_response" value="config.bsp.fsp.tz.exception_response.nmi"/>
      <property id="config.bsp.fsp.tz.cmsis.bfhfnmins" value="config.bsp.fsp.tz.cmsis.bfhfnmins.secure"/>
      <property id="config.bsp.fsp.tz.cmsis.sysresetreqs" value="config.bsp.fsp.tz.cmsis.sysresetreqs.secure_only"/>
      <property id="config.bsp.fsp.tz.cmsis.s_priority_boost" value="config.bsp.fsp.tz.cmsis.s_priority_boost.disabled"/>
      <property id="config.bsp.fsp.tz.cachesar" value="config.bsp.fsp.tz.cachesar.secure"/>
      <property id="config.bsp.fsp.tz.rstsar" value="config.bsp.fsp.tz.rstsar.both"/>
      <property id="config.bsp.fsp.tz.bbfsar" value="config.bsp.fsp.tz.bbfsar.both"/>
      <property id="config.bsp.fsp.tz.sramsar.sramsa0" value="config.bsp.fsp.tz.sramsar.sramsa0.both"/>
      <property id="config.bsp.fsp.tz.sramsar.sramsa1" value="config.bsp.fsp.tz.sramsar.sramsa1.both"/>
      <property id="config.bsp.fsp.tz.sramsar.sramsa2" value="config.bsp.fsp.tz.sramsar.sramsa2.both"/>
      <property id="config.bsp.fsp.tz.sramsar.sramsa3" value="config.bsp.fsp.tz.sramsar.sramsa3.both"/>
      <property id="config.bsp.fsp.tz.bussara" value="config.bsp.fsp.tz.bussara.both"/>
      <property id="config.bsp.fsp.tz.bussarb" value="config.bsp.fsp.tz.bussarb.both"/>
      <property id="config.bsp.fsp.tz.bussarc" value="config.bsp.fsp.tz.bussarc.both"/>
      <property id="config.bsp.fsp.tz.saipcsem0" value="config.bsp.fsp.tz.saipcsem0.secure_only"/>
      <property id="config.bsp.fsp.tz.saipcsem1" value="config.bsp.fsp.tz.saipcsem1.secure_only"/>
      <property id="config.bsp.fsp.tz.saipcnmi0" value="config.bsp.fsp.tz.saipcnmi0.secure_only"/>
      <property id="config.bsp.fsp.tz.saipcnmi1" value="config.bsp.fsp.tz.saipcnmi1.secure_only"/>
      <property id="config.bsp.fsp.tz.pgcsar" value="config.bsp.fsp.tz.pgcsar.secure_only"/>
      <property id="config.bsp.fsp.tz.uninitialized_ns_application_fallback" value="config.bsp.fsp.tz.uninitialized_ns_application_fallback.enabled"/>
      <property id="config.bsp.fsp.hoco_fll" value="config.bsp.fsp.hoco_fll.disabled"/>
      <property id="config.bsp.fsp.clock_settling_delay" value="config.bsp.fsp.clock_settling_delay.enabled"/>
      <property id="config.bsp.fsp.sleep_mode_delays" value="config.bsp.fsp.sleep_mode_delays.enabled"/>
      <property id="config.bsp.fsp.rtos_sleep_delay" value="config.bsp.fsp.rtos_sleep_delay.enabled"/>
      <property id="config.bsp.fsp.mstp_change_delays" value="config.bsp.fsp.mstp_change_delays.enabled"/>
      <property id="config.bsp.fsp.settling_delay_us" value="30"/>
      <property id="config.bsp.common.main_osc_wait" value="config.bsp.common.main_osc_wait.wait_8163"/>
      <property id="config.bsp.fsp.mcu.adc.max_freq_hz" value="60000000"/>
      <property id="config.bsp.fsp.mcu.sci_b_uart.max_baud" value="20000000"/>
      <property id="config.bsp.fsp.mcu.sci_b_uart.ctspen_channels" value="0x03FF"/>
      <property id="config.bsp.fsp.mcu.adc.sample_and_hold" value="1"/>
      <property id="config.bsp.fsp.mcu.adc.sensors_are_exclusive" value="0"/>
      <property id="config.bsp.fsp.mcu.sci_spi.max_bitrate" value="60000000"/>
      <property id="config.bsp.fsp.mcu.spi.max_bitrate" value="60000000"/>
      <property id="config.bsp.fsp.mcu.iic_master.rate.rate_fastplus" value="1"/>
      <property id="config.bsp.fsp.mcu.iic_master.fastplus_channels" value="0x7"/>
      <property id="config.bsp.fsp.mcu.iic_slave.rate.rate_fastplus" value="1"/>
      <property id="config.bsp.fsp.mcu.iic_slave.fastplus_channels" value="0x7"/>
      <property id="config.bsp.fsp.mcu.gpt.pin_count_source_channels" value="0x3FFF"/>
      <property id="config.bsp.fsp.mcu.canfd.num_channels" value="2"/>
      <property id="config.bsp.fsp.mcu.canfd.rx_fifos" value="2"/>
      <property id="config.bsp.fsp.mcu.canfd.buffer_ram" value="1216"/>
      <property id="config.bsp.fsp.mcu.canfd.afl_rules" value="32"/>
      <property id="config.bsp.fsp.mcu.canfd.afl_rules_each_chnl" value=" 16"/>
      <property id="config.bsp.fsp.mcu.canfd.max_data_rate_hz" value="8"/>
      <property id="config.bsp.fsp.mcu.adc_dmac.samples_per_channel" value="32767"/>
      <property id="config.bsp.fsp.mcu.sci_b_lin.max_baud" value="7812500"/>
      <property id="config.bsp.fsp.mcu.ospi_b.spi_dspi_qspi_mode_max_freq_hz" value="120000000"/>
      <property id="config.bsp.fsp.dcache" value="config.bsp.fsp.dcache.disabled"/>
      <property id="config.bsp.fsp.mscr.forcewt" value="config.bsp.fsp.mscr.forcewt.disabled"/>
      <property id="config.bsp.fsp.mcu.rtc.err_adjustment_value.max_value" value="63"/>
      <property id="config.bsp.fsp.ioport.voltage_mode.vcc" value="config.bsp.fsp.ioport.voltage_mode.vcc.high"/>
      <property id="config.bsp.fsp.ioport.voltage_mode.vcc2" value="config.bsp.fsp.ioport.voltage_mode.vcc2.high"/>
    </config>
    <config id="config.bsp.ra8t2.linker">
      <property id="config.bsp.option_setting.ofs0" value="config.bsp.option_setting.ofs0.enabled"/>
      <property id="config.bsp.option_setting.ofs0.iwdt_start_mode" value="config.bsp.option_setting.ofs0.iwdt_start_mode.disabled"/>
      <property id="config.bsp.option_setting.ofs0.iwdt_timeout" value="config.bsp.option_setting.ofs0.iwdt_timeout.2048"/>
      <property id="config.bsp.option_setting.ofs0.iwdt_divisor" value="config.bsp.option_setting.ofs0.iwdt_divisor.128"/>
      <property id="config.bsp.option_setting.ofs0.iwdt_window_end" value="config.bsp.option_setting.ofs0.iwdt_window_end.0"/>
      <property id="config.bsp.option_setting.ofs0.iwdt_window_start" value="config.bsp.option_setting.ofs0.iwdt_window_start.100"/>
      <property id="config.bsp.option_setting.ofs0.iwdt_reset_interrupt" value="config.bsp.option_setting.ofs0.iwdt_reset_interrupt.Reset"/>
      <property id="config.bsp.option_setting.ofs0.iwdt_stop_control" value="config.bsp.option_setting.ofs0.iwdt_stop_control.stops"/>
      <property id="config.bsp.option_setting.ofs0.wdt_start_mode" value="config.bsp.option_setting.ofs0.wdt_start_mode.register"/>
      <property id="config.bsp.option_setting.ofs0.wdt_timeout" value="config.bsp.option_setting.ofs0.wdt_timeout.16384"/>
      <property id="config.bsp.option_setting.ofs0.wdt_divisor" value="config.bsp.option_setting.ofs0.wdt_divisor.128"/>
      <property id="config.bsp.option_setting.ofs0.wdt_window_end" value="config.bsp.option_setting.ofs0.wdt_window_end.0"/>
      <property id="config.bsp.option_setting.ofs0.wdt_window_start" value="config.bsp.option_setting.ofs0.wdt_window_start.100"/>
      <property id="config.bsp.option_setting.ofs0.wdt_reset_interrupt" value="config.bsp.option_setting.ofs0.wdt_reset_interrupt.Reset"/>
      <property id="config.bsp.option_setting.ofs0.wdt_stop_control" value="config.bsp.option_setting.ofs0.wdt_stop_control.stops"/>
      <property id="config.bsp.option_setting.ofs2" value="config.bsp.option_setting.ofs2.enabled"/>
      <property id="config.bsp.option_setting.ofs2.dcdc" value="config.bsp.option_setting.ofs2.dcdc.enabled"/>
      <property id="config.bsp.option_setting.ofs2.cvm_reset" value="config.bsp.option_setting.ofs2.cvm_reset.disabled"/>
      <property id="config.bsp.option_setting.sas" value="config.bsp.option_setting.sas.disabled"/>
      <property id="config.bsp.option_setting.sas.btsize" value="config.bsp.option_setting.sas.btsize.8k"/>
      <property id="config.bsp.option_setting.ofs1" value="config.bsp.option_setting.ofs1.disabled"/>
      <property id="config.bsp.option_setting.ofs1.voltage_detection0.start" value="config.bsp.option_setting.ofs1.voltage_detection0.start.disabled"/>
      <property id="config.bsp.option_setting.ofs1.voltage_detection0_level" value="config.bsp.option_setting.ofs1.voltage_detection0_level.160"/>
      <property id="config.bsp.option_setting.ofs1.hoco_osc" value="config.bsp.option_setting.ofs1.hoco_osc.disabled"/>
      <property id="config.bsp.option_setting.ofs1.voltage_detection0.low_power_consumption" value="config.bsp.option_setting.ofs1.voltage_detection0.low_power_consumption.disabled"/>
      <property id="config.bsp.option_setting.ofs1.swdbg" value="config.bsp.option_setting.ofs1.swdbg.disabled"/>
      <property id="config.bsp.option_setting.ofs1.initeccen" value="config.bsp.option_setting.ofs1.initeccen.disabled"/>
      <property id="config.bsp.option_setting.ofs1_sec" value="config.bsp.option_setting.ofs1_sec.enabled"/>
      <property id="config.bsp.option_setting.ofs1_sec.voltage_detection0.start" value="config.bsp.option_setting.ofs1_sec.voltage_detection0.start.disabled"/>
      <property id="config.bsp.option_setting.ofs1_sec.voltage_detection0_level" value="config.bsp.option_setting.ofs1_sec.voltage_detection0_level.160"/>
      <property id="config.bsp.option_setting.ofs1_sec.hoco_osc" value="config.bsp.option_setting.ofs1_sec.hoco_osc.disabled"/>
      <property id="config.bsp.option_setting.ofs1_sec.voltage_detection0.low_power_consumption" value="config.bsp.option_setting.ofs1_sec.voltage_detection0.low_power_consumption.disabled"/>
      <property id="config.bsp.option_setting.ofs1_sec.swdbg" value="config.bsp.option_setting.ofs1_sec.swdbg.disabled"/>
      <property id="config.bsp.option_setting.ofs1_sec.initeccen" value="config.bsp.option_setting.ofs1_sec.initeccen.disabled"/>
      <property id="config.bsp.option_setting.ofs1_sel" value="config.bsp.option_setting.ofs1_sel.enabled"/>
      <property id="config.bsp.option_setting.ofs1_sel.voltage_detection0_level" value="config.bsp.option_setting.ofs1_sel.voltage_detection0_level.secure"/>
      <property id="config.bsp.option_setting.ofs1_sel.voltage_detection0.start" value="config.bsp.option_setting.ofs1_sel.voltage_detection0.start.secure"/>
      <property id="config.bsp.option_setting.ofs1_sel.voltage_detection0.low_power_consumption" value="config.bsp.option_setting.ofs1_sel.voltage_detection0.low_power_consumption.secure"/>
      <property id="config.bsp.option_setting.ofs1_sel.swdbg" value="config.bsp.option_setting.ofs1_sel.swdbg.secure"/>
      <property id="config.bsp.option_setting.ofs1_sel.initeccen" value="config.bsp.option_setting.ofs1_sel.initeccen.secure"/>
      <property id="config.bsp.option_setting.ofs3" value="config.bsp.option_setting.ofs3.disabled"/>
      <property id="config.bsp.option_setting.ofs3.wdt1_start_mode" value="config.bsp.option_setting.ofs3.wdt1_start_mode.disabled"/>
      <property id="config.bsp.option_setting.ofs3.wdt1_timeout" value="config.bsp.option_setting.ofs3.wdt1_timeout.16384"/>
      <property id="config.bsp.option_setting.ofs3.wdt1_divisor" value="config.bsp.option_setting.ofs3.wdt1_divisor.128"/>
      <property id="config.bsp.option_setting.ofs3.wdt1_window_end" value="config.bsp.option_setting.ofs3.wdt1_window_end.0"/>
      <property id="config.bsp.option_setting.ofs3.wdt1_window_start" value="config.bsp.option_setting.ofs3.wdt1_window_start.100"/>
      <property id="config.bsp.option_setting.ofs3.wdt1_reset_interrupt" value="config.bsp.option_setting.ofs3.wdt1_reset_interrupt.Reset"/>
      <property id="config.bsp.option_setting.ofs3.wdt1_stop_control" value="config.bsp.option_setting.ofs3.wdt1_stop_control.stops"/>
      <property id="config.bsp.option_setting.ofs3_sec" value="config.bsp.option_setting.ofs3_sec.enabled"/>
      <property id="config.bsp.option_setting.ofs3_sec.wdt1_start_mode" value="config.bsp.option_setting.ofs3_sec.wdt1_start_mode.disabled"/>
      <property id="config.bsp.option_setting.ofs3_sec.wdt1_timeout" value="config.bsp.option_setting.ofs3_sec.wdt1_timeout.16384"/>
      <property id="config.bsp.option_setting.ofs3_sec.wdt1_divisor" value="config.bsp.option_setting.ofs3_sec.wdt1_divisor.128"/>
      <property id="config.bsp.option_setting.ofs3_sec.wdt1_window_end" value="config.bsp.option_setting.ofs3_sec.wdt1_window_end.0"/>
      <property id="config.bsp.option_setting.ofs3_sec.wdt1_window_start" value="config.bsp.option_setting.ofs3_sec.wdt1_window_start.100"/>
      <property id="config.bsp.option_setting.ofs3_sec.wdt1_reset_interrupt" value="config.bsp.option_setting.ofs3_sec.wdt1_reset_interrupt.Reset"/>
      <property id="config.bsp.option_setting.ofs3_sec.wdt1_stop_control" value="config.bsp.option_setting.ofs3_sec.wdt1_stop_control.stops"/>
      <property id="config.bsp.option_setting.ofs3_sel" value="config.bsp.option_setting.ofs3_sel.enabled"/>
      <property id="config.bsp.option_setting.ofs3_sel.wdt1_start_mode" value="config.bsp.option_setting.ofs3_sel.wdt1_start_mode.secure"/>
      <property id="config.bsp.option_setting.ofs3_sel.wdt1_timeout" value="config.bsp.option_setting.ofs3_sel.wdt1_timeout.secure"/>
      <property id="config.bsp.option_setting.ofs3_sel.wdt1_divisor" value="config.bsp.option_setting.ofs3_sel.wdt1_divisor.secure"/>
      <property id="config.bsp.option_setting.ofs3_sel.wdt1_window_end" value="config.bsp.option_setting.ofs3_sel.wdt1_window_end.secure"/>
      <property id="config.bsp.option_setting.ofs3_sel.wdt1_window_start" value="config.bsp.option_setting.ofs3_sel.wdt1_window_start.secure"/>
      <property id="config.bsp.option_setting.ofs3_sel.wdt1_reset_interrupt" value="config.bsp.option_setting.ofs3_sel.wdt1_reset_interrupt.secure"/>
      <property id="config.bsp.option_setting.ofs3_sel.wdt1_stop_control" value="config.bsp.option_setting.ofs3_sel.wdt1_stop_control.secure"/>
      <property id="config.bsp.option_setting.bps" value="config.bsp.option_setting.bps.disabled"/>
      <property id="config.bsp.option_setting.bps.0" value=""/>
      <property id="config.bsp.option_setting.bps.1" value=""/>
      <property id="config.bsp.option_setting.bps.2" value=""/>
      <property id="config.bsp.option_setting.bps.3" value=""/>
      <property id="config.bsp.option_setting.bps.4" value=""/>
      <property id="config.bsp.option_setting.bps.5" value=""/>
      <property id="config.bsp.option_setting.bps.6" value=""/>
      <property id="config.bsp.option_setting.bps.7" value=""/>
      <property id="config.bsp.option_setting.bps.8" value=""/>
      <property id="config.bsp.option_setting.bps.9" value=""/>
      <property id="config.bsp.option_setting.bps.10" value=""/>
      <property id="config.bsp.option_setting.bps.11" value=""/>
      <property id="config.bsp.option_setting.bps.12" value=""/>
      <property id="config.bsp.option_setting.bps.13" value=""/>
      <property id="config.bsp.option_setting.bps.14" value=""/>
      <property id="config.bsp.option_setting.bps.15" value=""/>
      <property id="config.bsp.option_setting.bps.16" value=""/>
      <property id="config.bsp.option_setting.bps_sec" value="config.bsp.option_setting.bps_sec.disabled"/>
      <property id="config.bsp.option_setting.bps_sec.0" value=""/>
      <property id="config.bsp.option_setting.bps_sec.1" value=""/>
      <property id="config.bsp.option_setting.bps_sec.2" value=""/>
      <property id="config.bsp.option_setting.bps_sec.3" value=""/>
      <property id="config.bsp.option_setting.bps_sec.4" value=""/>
      <property id="config.bsp.option_setting.bps_sec.5" value=""/>
      <property id="config.bsp.option_setting.bps_sec.6" value=""/>
      <property id="config.bsp.option_setting.bps_sec.7" value=""/>
      <property id="config.bsp.option_setting.bps_sec.8" value=""/>
      <property id="config.bsp.option_setting.bps_sec.9" value=""/>
      <property id="config.bsp.option_setting.bps_sec.10" value=""/>
      <property id="config.bsp.option_setting.bps_sec.11" value=""/>
      <property id="config.bsp.option_setting.bps_sec.12" value=""/>
      <property id="config.bsp.option_setting.bps_sec.13" value=""/>
      <property id="config.bsp.option_setting.bps_sec.14" value=""/>
      <property id="config.bsp.option_setting.bps_sec.15" value=""/>
      <property id="config.bsp.option_setting.bps_sec.16" value=""/>
      <property id="config.bsp.option_setting_otp.fsblctrl0" value="config.bsp.option_setting_otp.fsblctrl0.disabled"/>
      <property id="config.bsp.option_setting_otp.fsblctrl0.FSBLEN" value="config.bsp.option_setting_otp.fsblctrl0.FSBLEN.disabled"/>
      <property id="config.bsp.option_setting_otp.fsblctrl0.FSBLSKIPSW" value="config.bsp.option_setting_otp.fsblctrl0.FSBLSKIPSW.disabled"/>
      <property id="config.bsp.option_setting_otp.fsblctrl0.FSBLSKIPDS" value="config.bsp.option_setting_otp.fsblctrl0.FSBLSKIPDS.disabled"/>
      <property id="config.bsp.option_setting_otp.fsblctrl0.FSBLCLK" value="config.bsp.option_setting_otp.fsblctrl0.FSBLCLK.7"/>
      <property id="config.bsp.option_setting_otp.fsblctrl1" value="config.bsp.option_setting_otp.fsblctrl1.disabled"/>
      <property id="config.bsp.option_setting_otp.fsblctrl1.FSBLEXMD" value="config.bsp.option_setting_otp.fsblctrl1.FSBLEXMD.secure_report"/>
      <property id="config.bsp.option_setting_otp.fsblctrl2" value="config.bsp.option_setting_otp.fsblctrl2.disabled"/>
      <property id="config.bsp.option_setting_otp.fsblctrl2.PORTPN" value="config.bsp.option_setting_otp.fsblctrl2.PORTPN.15"/>
      <property id="config.bsp.option_setting_otp.fsblctrl2.PORTGN" value="config.bsp.option_setting_otp.fsblctrl2.PORTGN.reserved"/>
      <property id="config.bsp.option_setting_otp.samr" value="config.bsp.option_setting_otp.samr.disabled"/>
      <property id="config.bsp.option_setting_otp.samr.address" value="0xFFFFFFFF"/>
      <property id="config.bsp.option_setting_otp.sacc00" value="config.bsp.option_setting_otp.sacc00.disabled"/>
      <property id="config.bsp.option_setting_otp.sacc00.address" value="0xFFFFFFFF"/>
      <property id="config.bsp.option_setting_otp.sacc10" value="config.bsp.option_setting_otp.sacc10.disabled"/>
      <property id="config.bsp.option_setting_otp.sacc10.address" value="0xFFFFFFFF"/>
      <property id="config.bsp.option_setting_otp.sacc01" value="config.bsp.option_setting_otp.sacc01.disabled"/>
      <property id="config.bsp.option_setting_otp.sacc01.address" value="0xFFFFFFFF"/>
      <property id="config.bsp.option_setting_otp.sacc11" value="config.bsp.option_setting_otp.sacc11.disabled"/>
      <property id="config.bsp.option_setting_otp.sacc11.address" value="0xFFFFFFFF"/>
      <property id="config.bsp.option_setting_otp.sacc02" value="config.bsp.option_setting_otp.sacc02.disabled"/>
      <property id="config.bsp.option_setting_otp.sacc02.address" value="0xFFFFFFFF"/>
      <property id="config.bsp.option_setting_otp.sacc12" value="config.bsp.option_setting_otp.sacc12.disabled"/>
      <property id="config.bsp.option_setting_otp.sacc12.address" value="0xFFFFFFFF"/>
      <property id="config.bsp.option_setting_otp.sacc03" value="config.bsp.option_setting_otp.sacc03.disabled"/>
      <property id="config.bsp.option_setting_otp.sacc03.address" value="0xFFFFFFFF"/>
      <property id="config.bsp.option_setting_otp.sacc13" value="config.bsp.option_setting_otp.sacc13.disabled"/>
      <property id="config.bsp.option_setting_otp.sacc13.address" value="0xFFFFFFFF"/>
      <property id="config.bsp.option_setting_otp.pbps_sec" value="config.bsp.option_setting_otp.pbps_sec.disabled"/>
      <property id="config.bsp.option_setting_otp.pbps_sec.0" value=""/>
      <property id="config.bsp.option_setting_otp.pbps_sec.1" value=""/>
      <property id="config.bsp.option_setting_otp.pbps_sec.2" value=""/>
      <property id="config.bsp.option_setting_otp.pbps_sec.3" value=""/>
      <property id="config.bsp.option_setting_otp.pbps_sec.4" value=""/>
      <property id="config.bsp.option_setting_otp.pbps_sec.5" value=""/>
      <property id="config.bsp.option_setting_otp.pbps_sec.6" value=""/>
      <property id="config.bsp.option_setting_otp.pbps_sec.7" value=""/>
      <property id="config.bsp.option_setting_otp.pbps_sec.8" value=""/>
      <property id="config.bsp.option_setting_otp.pbps_sec.9" value=""/>
      <property id="config.bsp.option_setting_otp.pbps_sec.10" value=""/>
      <property id="config.bsp.option_setting_otp.pbps_sec.11" value=""/>
      <property id="config.bsp.option_setting_otp.pbps_sec.12" value=""/>
      <property id="config.bsp.option_setting_otp.pbps_sec.13" value=""/>
      <property id="config.bsp.option_setting_otp.pbps_sec.14" value=""/>
      <property id="config.bsp.option_setting_otp.pbps_sec.15" value=""/>
      <property id="config.bsp.option_setting_otp.pbps_sec.16" value=""/>
      <property id="config.bsp.option_setting_otp.pbps" value="config.bsp.option_setting_otp.pbps.disabled"/>
      <property id="config.bsp.option_setting_otp.pbps.0" value=""/>
      <property id="config.bsp.option_setting_otp.pbps.1" value=""/>
      <property id="config.bsp.option_setting_otp.pbps.2" value=""/>
      <property id="config.bsp.option_setting_otp.pbps.3" value=""/>
      <property id="config.bsp.option_setting_otp.pbps.4" value=""/>
      <property id="config.bsp.option_setting_otp.pbps.5" value=""/>
      <property id="config.bsp.option_setting_otp.pbps.6" value=""/>
      <property id="config.bsp.option_setting_otp.pbps.7" value=""/>
      <property id="config.bsp.option_setting_otp.pbps.8" value=""/>
      <property id="config.bsp.option_setting_otp.pbps.9" value=""/>
      <property id="config.bsp.option_setting_otp.pbps.10" value=""/>
      <property id="config.bsp.option_setting_otp.pbps.11" value=""/>
      <property id="config.bsp.option_setting_otp.pbps.12" value=""/>
      <property id="config.bsp.option_setting_otp.pbps.13" value=""/>
      <property id="config.bsp.option_setting_otp.pbps.14" value=""/>
      <property id="config.bsp.option_setting_otp.pbps.15" value=""/>
      <property id="config.bsp.option_setting_otp.pbps.16" value=""/>
      <property id="config.bsp.option_setting_otp.zhuk" value="config.bsp.option_setting_otp.zhuk.disabled"/>
      <property id="config.bsp.option_setting_otp.zhuk.zhuken0" value="config.bsp.option_setting_otp.zhuk.zhuken0.disabled"/>
      <property id="config.bsp.option_setting_otp.zhuk.zhuken1" value="config.bsp.option_setting_otp.zhuk.zhuken1.disabled"/>
      <property id="config.bsp.option_setting_otp.zhuk.zhuken2" value="config.bsp.option_setting_otp.zhuk.zhuken2.disabled"/>
      <property id="config.bsp.option_setting_otp.zhuk.zhuken3" value="config.bsp.option_setting_otp.zhuk.zhuken3.disabled"/>
    </config>
    <config id="config.bsp.ra">
      <property id="config.bsp.common.main" value="0x800"/>
      <property id="config.bsp.common.heap" value="0x800"/>
      <property id="config.bsp.common.bootloader.xip_enable" value="config.bsp.common.bootloader.xip_enable.disabled"/>
      <property id="config.bsp.common.vcc" value="3300"/>
      <property id="config.bsp.common.checking" value="config.bsp.common.checking.disabled"/>
      <property id="config.bsp.common.assert" value="config.bsp.common.assert.none"/>
      <property id="config.bsp.common.soft_reset" value="config.bsp.common.soft_reset.disabled"/>
      <property id="config.bsp.common.main_osc_populated" value="config.bsp.common.main_osc_populated.enabled"/>
      <property id="config.bsp.common.pfs_protect" value="config.bsp.common.pfs_protect.enabled"/>
      <property id="config.bsp.common.c_runtime_init" value="config.bsp.common.c_runtime_init.enabled"/>
      <property id="config.bsp.common.early_init" value="config.bsp.common.early_init.disabled"/>
      <property id="config.bsp.common.main_osc_clock_source" value="config.bsp.common.main_osc_clock_source.crystal"/>
      <property id="config.bsp.common.subclock_populated" value="config.bsp.common.subclock_populated.enabled"/>
      <property id="config.bsp.common.subclock_drive" value="config.bsp.common.subclock_drive.standard"/>
      <property id="config.bsp.common.subclock_stabilization_ms" value="1000"/>
    </config>
  </raBspConfiguration>
  <raComponentSelection>
    <component apiversion="" class="Projects" condition="" group="all" subgroup="common" variant="" vendor="Renesas" version="6.2.0">
      <description>Common source for all template projects.</description>
      <originalPack>Renesas.RA_common.6.2.0.pack</originalPack>
    </component>
    <component apiversion="" class="Projects" condition="" group="all" subgroup="freertos_blinky" variant="" vendor="Renesas" version="6.2.0">
      <description>Simple application that blinks an LED using FreeRTOS.</description>
      <originalPack>Renesas.RA_freertos_blinky.6.2.0.pack</originalPack>
    </component>
    <component apiversion="" class="Common" condition="" group="all" subgroup="fsp_common" variant="" vendor="Renesas" version="6.2.0">
      <description>Board Support Package Common Files</description>
      <originalPack>Renesas.RA.6.2.0.pack</originalPack>
    </component>
    <component apiversion="" class="HAL Drivers" condition="" group="all" subgroup="r_ioport" variant="" vendor="Renesas" version="6.2.0">
      <description>I/O Port</description>
      <originalPack>Renesas.RA.6.2.0.pack</originalPack>
    </component>
    <component apiversion="" class="Middleware" condition="" group="all" subgroup="rm_freertos_port" variant="" vendor="Renesas" version="6.2.0">
      <description>FreeRTOS Port</description>
      <originalPack>Renesas.RA.6.2.0.pack</originalPack>
    </component>
    <component apiversion="" class="RTOS" condition="" group="FreeRTOS" subgroup="all" variant="" vendor="AWS" version="11.1.0+fsp.6.2.0.rc1.20251111.15708413">
      <description>FreeRTOS</description>
      <originalPack>Amazon.FreeRTOS-Kernel.11.1.0+fsp.6.2.0.rc1.20251111.15708413.pack</originalPack>
    </component>
    <component apiversion="" class="CMSIS" condition="" group="Main" subgroup="CoreM" variant="" vendor="Arm" version="6.1.0+fsp.6.2.0.rc1.20251111.15708413">
      <description>Arm CMSIS Version 6 - Core (M)</description>
      <originalPack>Arm.CMSIS6.6.1.0+fsp.6.2.0.rc1.20251111.15708413.pack</originalPack>
    </component>
    <component apiversion="" class="BSP" condition="" group="ra8t2" subgroup="device" variant="R7KA8T2LFLCAC" vendor="Renesas" version="6.2.0">
      <description>Board support package for R7KA8T2LFLCAC</description>
      <originalPack>Renesas.RA_mcu_ra8t2.6.2.0.pack</originalPack>
    </component>
    <component apiversion="" class="BSP" condition="" group="ra8t2" subgroup="device" variant="" vendor="Renesas" version="6.2.0">
      <description>Board support package for RA8T2</description>
      <originalPack>Renesas.RA_mcu_ra8t2.6.2.0.pack</originalPack>
    </component>
    <component apiversion="" class="BSP" condition="" group="ra8t2" subgroup="fsp" variant="" vendor="Renesas" version="6.2.0">
      <description>Board support package for RA8T2 - FSP Data</description>
      <originalPack>Renesas.RA_mcu_ra8t2.6.2.0.pack</originalPack>
    </component>
    <component apiversion="" class="BSP" condition="" group="ra8t2" subgroup="events" variant="" vendor="Renesas" version="6.2.0">
      <description>Board support package for RA8T2 - Events</description>
      <originalPack>Renesas.RA_mcu_ra8t2.6.2.0.pack</originalPack>
    </component>
    <component apiversion="" class="BSP" condition="" group="ra8t2" subgroup="linker" variant="" vendor="Renesas" version="6.2.0">
      <description>Board support package for RA8T2 - Linker</description>
      <originalPack>Renesas.RA_mcu_ra8t2.6.2.0.pack</originalPack>
    </component>
    <component apiversion="" class="BSP" condition="" group="Board" subgroup="ra8t2_cpknet" variant="" vendor="Renesas" version="6.2.0">
      <description/>
      <originalPack>Renesas.RA_board_ra8t2_cpknet.6.2.0.pack</originalPack>
    </component>
    <component apiversion="" class="Heaps" condition="" group="FreeRTOS" subgroup="heap_4" variant="" vendor="AWS" version="11.1.0+fsp.6.2.0">
      <description>FreeRTOS - Memory Management - Heap 4</description>
      <originalPack>Amazon.FreeRTOS-Kernel.11.1.0+fsp.6.2.0.pack</originalPack>
    </component>
    <component apiversion="" class="HAL Drivers" condition="" group="all" subgroup="r_ipc" variant="" vendor="Renesas" version="6.2.0">
      <description>IPC</description>
      <originalPack>Renesas.RA.6.2.0.pack</originalPack>
    </component>
    <component apiversion="" class="HAL Drivers" condition="" group="all" subgroup="r_sci_b_uart" variant="" vendor="Renesas" version="6.2.0">
      <description>SCI UART</description>
      <originalPack>Renesas.RA.6.2.0.pack</originalPack>
    </component>
  </raComponentSelection>
  <raElcConfiguration/>
  <raIcuConfiguration/>
  <raLinkMapConfiguration/>
  <raModuleConfiguration>
    <module id="module.driver.ioport_on_ioport.0">
      <property id="module.driver.ioport.name" value="g_ioport"/>
      <property id="module.driver.ioport.elc_trigger_ioport1" value="_disabled"/>
      <property id="module.driver.ioport.elc_trigger_ioport2" value="_disabled"/>
      <property id="module.driver.ioport.elc_trigger_ioport3" value="_disabled"/>
      <property id="module.driver.ioport.elc_trigger_ioport4" value="_disabled"/>
      <property id="module.driver.ioport.pincfg" value="g_bsp_pin_cfg"/>
    </module>
    <module id="module.middleware.rm_freertos_port.0"/>
    <module id="module.freertos.heap.4.123065887"/>
    <module id="module.driver.ipc_on_ipc.1693121918">
      <property id="module.driver.ipc.name" value="g_ipc0"/>
      <property id="module.driver.ipc.channel" value="enum.driver.ipc.channel.0"/>
      <property id="module.driver.ipc.callback" value="g_ipc0_callback"/>
      <property id="module.driver.ipc.ipl" value="board.icu.common.irq.priority11"/>
    </module>
    <module id="module.driver.ipc_on_ipc.365787597">
      <property id="module.driver.ipc.name" value="g_ipc1"/>
      <property id="module.driver.ipc.channel" value="enum.driver.ipc.channel.1"/>
      <property id="module.driver.ipc.callback" value="NULL"/>
      <property id="module.driver.ipc.ipl" value="_disabled"/>
    </module>
    <module id="module.driver.uart_on_sci_b_uart.612795748">
      <property id="module.driver.uart.name" value="g_uart0"/>
      <property id="module.driver.uart.channel" value="9"/>
      <property id="module.driver.uart.data_bits" value="module.driver.uart.data_bits.data_bits_8"/>
      <property id="module.driver.uart.parity" value="module.driver.uart.parity.parity_off"/>
      <property id="module.driver.uart.stop_bits" value="module.driver.uart.stop_bits.stop_bits_1"/>
      <property id="module.driver.uart.baud" value="115200"/>
      <property id="module.driver.uart.baudrate_modulation" value="module.driver.uart.baudrate_modulation.disabled"/>
      <property id="module.driver.uart.baudrate_max_err" value="5"/>
      <property id="module.driver.uart.flow_control" value="module.driver.uart.flow_control.rts"/>
      <property id="module.driver.uart.pin_control_port" value="module.driver.uart.pin_control_port.PORT_DISABLE"/>
      <property id="module.driver.uart.pin_control_pin" value="module.driver.uart.pin_control_pin.PIN_DISABLE"/>
      <property id="module.driver.uart.clk_src" value="module.driver.uart.clk_src.int_clk"/>
      <property id="module.driver.uart.rx_edge_start" value="module.driver.uart.rx_edge_start.falling_edge"/>
      <property id="module.driver.uart.noisecancel_en" value="module.driver.uart.noisecancel_en.disabled"/>
      <property id="module.driver.uart.rx_fifo_trigger" value="module.driver.uart.rx_fifo_trigger.max"/>
      <property id="module.driver.uart.rs485.de_enable" value="module.driver.uart.rs485.de_enable.disabled"/>
      <property id="module.driver.uart.rs485.de_polarity" value="module.driver.uart.rs485.de_polarity.high"/>
      <property id="module.driver.uart.rs485.de_assertion_time" value="1"/>
      <property id="module.driver.uart.rs485.de_negation_time" value="1"/>
      <property id="module.driver.uart.callback" value="sci9_uart_callback"/>
      <property id="module.driver.uart.rxi_ipl" value="board.icu.common.irq.priority12"/>
      <property id="module.driver.uart.txi_ipl" value="board.icu.common.irq.priority12"/>
      <property id="module.driver.uart.tei_ipl" value="board.icu.common.irq.priority12"/>
      <property id="module.driver.uart.eri_ipl" value="board.icu.common.irq.priority12"/>
    </module>
    <context id="_hal.0">
      <stack module="module.driver.ioport_on_ioport.0"/>
      <stack module="module.middleware.rm_freertos_port.0"/>
      <stack module="module.driver.ipc_on_ipc.1693121918"/>
      <stack module="module.driver.ipc_on_ipc.365787597"/>
      <stack module="module.driver.uart_on_sci_b_uart.612795748"/>
    </context>
    <context id="rtos.awsfreertos.thread.0">
      <property id="_symbol" value="blinky_thread"/>
      <property id="rtos.awsfreertos.thread.name" value="Blinky Thread"/>
      <property id="rtos.awsfreertos.thread.stack" value="0x800"/>
      <property id="rtos.awsfreertos.thread.priority" value="1"/>
      <property id="rtos.awsfreertos.thread.context" value="NULL"/>
      <property id="rtos.awsfreertos.thread.allocation" value="rtos.awsfreertos.thread.allocation.static"/>
      <property id="rtos.awsfreertos.thread.secure_context" value="rtos.awsfreertos.thread.secure_context.enable"/>
      <stack module="module.freertos.heap.4.123065887"/>
    </context>
    <config id="config.driver.sci_b_uart">
      <property id="config.driver.sci_b_uart.param_checking_enable" value="config.driver.sci_b_uart.param_checking_enable.bsp"/>
      <property id="config.driver.sci_b_uart.fifo_support" value="config.driver.sci_b_uart.fifo_support.enabled"/>
      <property id="config.driver.sci_b_uart.dtc_support" value="config.driver.sci_b_uart.dtc_support.disabled"/>
      <property id="config.driver.sci_b_uart.flow_control" value="config.driver.sci_b_uart.flow_control.disabled"/>
    </config>
    <config id="config.driver.ipc">
      <property id="config.driver.ipc.param_checking_enable" value="config.driver.ipc.param_checking_enable.bsp"/>
    </config>
    <config id="config.driver.ioport">
      <property id="config.driver.ioport.checking" value="config.driver.ioport.checking.system"/>
      <property id="config.driver.ioport.ccd_support_enable" value="config.driver.ioport.ccd_support_enable.disabled"/>
    </config>
    <config id="config.awsfreertos.thread">
      <property id="config.awsfreertos.custom_freertosconfig" value=""/>
      <property id="config.awsfreertos.thread.configuse_preemption" value="config.awsfreertos.thread.configuse_preemption.enabled"/>
      <property id="config.awsfreertos.thread.configuse_port_optimised_task_selection" value="config.awsfreertos.thread.configuse_port_optimised_task_selection.disabled"/>
      <property id="config.awsfreertos.thread.configuse_tickless_idle" value="config.awsfreertos.thread.configuse_tickless_idle.disabled"/>
      <property id="config.awsfreertos.thread.configuse_idle_hook" value="config.awsfreertos.thread.configuse_idle_hook.enabled"/>
      <property id="config.awsfreertos.thread.configuse_malloc_failed_hook" value="config.awsfreertos.thread.configuse_malloc_failed_hook.disabled"/>
      <property id="config.awsfreertos.thread.configuse_daemon_task_startup_hook" value="config.awsfreertos.thread.configuse_daemon_task_startup_hook.disabled"/>
      <property id="config.awsfreertos.thread.configuse_tick_hook" value="config.awsfreertos.thread.configuse_tick_hook.disabled"/>
      <property id="config.awsfreertos.thread.configcpu_clock_hz" value="SystemCoreClock"/>
      <property id="config.awsfreertos.thread.configtick_rate_hz" value="1000"/>
      <property id="config.awsfreertos.thread.configmax_priorities" value="5"/>
      <property id="config.awsfreertos.thread.configminimal_stack_size" value="128"/>
      <property id="config.awsfreertos.thread.configmax_task_name_len" value="16"/>
      <property id="config.awsfreertos.thread.configuse_trace_facility" value="config.awsfreertos.thread.configuse_trace_facility.disabled"/>
      <property id="config.awsfreertos.thread.configuse_stats_formatting_functions" value="config.awsfreertos.thread.configuse_stats_formatting_functions.disabled"/>
      <property id="config.awsfreertos.thread.configuse_16_bit_ticks" value="config.awsfreertos.thread.configuse_16_bit_ticks.disabled"/>
      <property id="config.awsfreertos.thread.configidle_should_yield" value="config.awsfreertos.thread.configidle_should_yield.enabled"/>
      <property id="config.awsfreertos.thread.configuse_task_notifications" value="config.awsfreertos.thread.configuse_task_notifications.enabled"/>
      <property id="config.awsfreertos.thread.configtask_notifications_array_enteries" value="1"/>
      <property id="config.awsfreertos.thread.configuse_mutexes" value="config.awsfreertos.thread.configuse_mutexes.disabled"/>
      <property id="config.awsfreertos.thread.configuse_recursive_mutexes" value="config.awsfreertos.thread.configuse_recursive_mutexes.disabled"/>
      <property id="config.awsfreertos.thread.configuse_counting_semaphores" value="config.awsfreertos.thread.configuse_counting_semaphores.enabled"/>
      <property id="config.awsfreertos.thread.configcheck_for_stack_overflow" value="config.awsfreertos.thread.configcheck_for_stack_overflow.disabled"/>
      <property id="config.awsfreertos.thread.configqueue_registry_size" value="10"/>
      <property id="config.awsfreertos.thread.configuse_queue_sets" value="config.awsfreertos.thread.configuse_queue_sets.disabled"/>
      <property id="config.awsfreertos.thread.configuse_time_slicing" value="config.awsfreertos.thread.configuse_time_slicing.disabled"/>
      <property id="config.awsfreertos.thread.configuse_newlib_reentrant" value="config.awsfreertos.thread.configuse_newlib_reentrant.disabled"/>
      <property id="config.awsfreertos.thread.configenable_backward_compatibility" value="config.awsfreertos.thread.configenable_backward_compatibility.disabled"/>
      <property id="config.awsfreertos.thread.confignum_thread_local_storage_pointers" value="5"/>
      <property id="config.awsfreertos.thread.configstack_depth_type" value="uint32_t"/>
      <property id="config.awsfreertos.thread.configmessage_buffer_length_type" value="size_t"/>
      <property id="config.awsfreertos.thread.configheap_clear_memory_on_free" value="config.awsfreertos.thread.configheap_clear_memory_on_free.disabled"/>
      <property id="config.awsfreertos.thread.configsupport_static_allocation" value="config.awsfreertos.thread.configsupport_static_allocation.enabled"/>
      <property id="config.awsfreertos.thread.configsupport_dynamic_allocation" value="config.awsfreertos.thread.configsupport_dynamic_allocation.enabled"/>
      <property id="config.awsfreertos.thread.configtotal_heap_size" value="0x800"/>
      <property id="config.awsfreertos.thread.configapplication_allocated_heap" value="config.awsfreertos.thread.configapplication_allocated_heap.disabled"/>
      <property id="config.awsfreertos.thread.configgenerate_run_time_stats" value="config.awsfreertos.thread.configgenerate_run_time_stats.disabled"/>
      <property id="config.awsfreertos.thread.configuse_timers" value="config.awsfreertos.thread.configuse_timers.enabled"/>
      <property id="config.awsfreertos.thread.configtimer_task_priority" value="3"/>
      <property id="config.awsfreertos.thread.configtimer_queue_length" value="10"/>
      <property id="config.awsfreertos.thread.configtimer_task_stack_depth" value="128"/>
      <property id="config.awsfreertos.thread.configlibrary_max_syscall_interrupt_priority" value="board.icu.common.irq.priority1"/>
      <property id="config.awsfreertos.thread.configassert" value="assert(x)"/>
      <property id="config.awsfreertos.thread.configinclude_application_defined_privileged_functions" value="config.awsfreertos.thread.configinclude_application_defined_privileged_functions.disabled"/>
      <property id="config.awsfreertos.thread.include_vtaskpriorityset" value="config.awsfreertos.thread.include_vtaskpriorityset.enabled"/>
      <property id="config.awsfreertos.thread.include_uxtaskpriorityget" value="config.awsfreertos.thread.include_uxtaskpriorityget.enabled"/>
      <property id="config.awsfreertos.thread.include_vtaskdelete" value="config.awsfreertos.thread.include_vtaskdelete.enabled"/>
      <property id="config.awsfreertos.thread.include_vtasksuspend" value="config.awsfreertos.thread.include_vtasksuspend.enabled"/>
      <property id="config.awsfreertos.thread.include_xresumefromisr" value="config.awsfreertos.thread.include_xresumefromisr.enabled"/>
      <property id="config.awsfreertos.thread.include_vtaskdelayuntil" value="config.awsfreertos.thread.include_vtaskdelayuntil.enabled"/>
      <property id="config.awsfreertos.thread.include_vtaskdelay" value="config.awsfreertos.thread.include_vtaskdelay.enabled"/>
      <property id="config.awsfreertos.thread.include_xtaskgetschedulerstate" value="config.awsfreertos.thread.include_xtaskgetschedulerstate.enabled"/>
      <property id="config.awsfreertos.thread.include_xtaskgetcurrenttaskhandle" value="config.awsfreertos.thread.include_xtaskgetcurrenttaskhandle.enabled"/>
      <property id="config.awsfreertos.thread.include_uxtaskgetstackhighwatermark" value="config.awsfreertos.thread.include_uxtaskgetstackhighwatermark.disabled"/>
      <property id="config.awsfreertos.thread.include_xtaskgetidletaskhandle" value="config.awsfreertos.thread.include_xtaskgetidletaskhandle.disabled"/>
      <property id="config.awsfreertos.thread.include_etaskgetstate" value="config.awsfreertos.thread.include_etaskgetstate.disabled"/>
      <property id="config.awsfreertos.thread.include_xeventgroupsetbitfromisr" value="config.awsfreertos.thread.include_xeventgroupsetbitfromisr.enabled"/>
      <property id="config.awsfreertos.thread.include_xtimerpendfunctioncall" value="config.awsfreertos.thread.include_xtimerpendfunctioncall.enabled"/>
      <property id="config.awsfreertos.thread.include_xtaskabortdelay" value="config.awsfreertos.thread.include_xtaskabortdelay.disabled"/>
      <property id="config.awsfreertos.thread.include_xtaskgethandle" value="config.awsfreertos.thread.include_xtaskgethandle.disabled"/>
      <property id="config.awsfreertos.thread.include_xtaskresumefromisr" value="config.awsfreertos.thread.include_xtaskresumefromisr.enabled"/>
      <property id="config.awsfreertos.thread.include_hw_stack_monitor" value="config.awsfreertos.thread.include_hw_stack_monitor.disabled"/>
      <property id="config.awsfreertos.thread.print_function" value="vLoggingPrint(x)"/>
      <property id="config.awsfreertos.thread.include_time_and_task" value="config.awsfreertos.thread.include_time_and_task.disabled"/>
      <property id="config.awsfreertos.thread.debug_logging_name" value="Log Name"/>
      <property id="config.awsfreertos.thread.logging_level" value="config.awsfreertos.thread.logging_level.log_none"/>
    </config>
  </raModuleConfiguration>
  <raPinConfiguration>
    <symbolicName propertyId="p110.symbolic_name" value="USER_LED"/>
    <pincfg active="true" name="RA8T2_CPKNET.pincfg" selected="true" symbol="g_bsp_pin_cfg">
      <configSetting altId="cgc.mode.custom.free" configurationId="cgc.mode"/>
      <configSetting altId="iic0.mode.custom.free" configurationId="iic0.mode"/>
      <configSetting altId="irq.mode.custom.free" configurationId="irq.mode"/>
      <configSetting altId="jtag_fslash_swd.mode.swd.free" configurationId="jtag_fslash_swd.mode"/>
      <configSetting altId="ospi0.mode.custom.free" configurationId="ospi0.mode"/>
      <configSetting altId="p400.sci1.txd1" configurationId="p400"/>
      <configSetting altId="p400.gpio_mode.gpio_mode_peripheral" configurationId="p400.gpio_mode"/>
      <configSetting altId="p401.sci1.rxd1" configurationId="p401"/>
      <configSetting altId="p401.gpio_mode.gpio_mode_peripheral" configurationId="p401.gpio_mode"/>
      <configSetting altId="p602.sci0.rxd0" configurationId="p602"/>
      <configSetting altId="p602.gpio_mode.gpio_mode_peripheral" configurationId="p602.gpio_mode"/>
      <configSetting altId="p603.sci0.txd0" configurationId="p603"/>
      <configSetting altId="p603.gpio_mode.gpio_mode_peripheral" configurationId="p603.gpio_mode"/>
      <configSetting altId="sci0.mode.asynchronousuart.free" configurationId="sci0.mode"/>
      <configSetting altId="sci0.rxd0.p602" configurationId="sci0.rxd0"/>
      <configSetting altId="sci0.txd0.p603" configurationId="sci0.txd0"/>
      <configSetting altId="sci1.mode.asynchronousuart.free" configurationId="sci1.mode"/>
      <configSetting altId="sci1.rxd1.p401" configurationId="sci1.rxd1"/>
      <configSetting altId="sci1.txd1.p400" configurationId="sci1.txd1"/>
      <configSetting altId="sci9.mode.asynchronousuart.free" configurationId="sci9.mode"/>
      <configSetting altId="sdhi0.mode.custom.free" configurationId="sdhi0.mode"/>
      <configSetting altId="sdram.mode.custom.free" configurationId="sdram.mode"/>
      <configSetting altId="usbfs.mode.custom.free" configurationId="usbfs.mode"/>
    </pincfg>
    <pincfg active="false" name="R7KA8T2LFLCAC.pincfg" selected="false" symbol="">
      <configSetting altId="jtag_fslash_swd.mode.jtag.free" configurationId="jtag_fslash_swd.mode"/>
    </pincfg>
  </raPinConfiguration>
</raConfiguration>
